id,name,category,price,stock
1,clothing-1,clothing,1.37,7
2,books-2,books,2.74,14
3,home-3,home,4.11,21
4,toys-4,toys,5.48,28
5,food-5,food,6.85,35
6,electronics-6,electronics,8.22,42
7,clothing-7,clothing,9.59,49
8,books-8,books,10.96,56
9,home-9,home,12.33,63
10,toys-10,toys,13.70,70
11,food-11,food,15.07,77
12,electronics-12,electronics,16.44,84
13,clothing-13,clothing,17.81,91
14,books-14,books,19.18,98
15,home-15,home,20.55,105
16,toys-16,toys,21.92,112
17,food-17,food,23.29,119
18,electronics-18,electronics,24.66,126
19,clothing-19,clothing,26.03,133
20,books-20,books,27.40,140
21,home-21,home,28.77,147
22,toys-22,toys,30.14,154
23,food-23,food,31.51,161
24,electronics-24,electronics,32.88,168
25,clothing-25,clothing,34.25,175
26,books-26,books,35.62,182
27,home-27,home,36.99,189
28,toys-28,toys,38.36,196
29,food-29,food,39.73,203
30,electronics-30,electronics,41.10,210
31,clothing-31,clothing,42.47,217
32,books-32,books,43.84,224
33,home-33,home,45.21,231
34,toys-34,toys,46.58,238
35,food-35,food,47.95,245
36,electronics-36,electronics,49.32,252
37,clothing-37,clothing,50.69,259
38,books-38,books,52.06,266
39,home-39,home,53.43,273
40,toys-40,toys,54.80,280
41,food-41,food,56.17,287
42,electronics-42,electronics,57.54,294
43,clothing-43,clothing,58.91,301
44,books-44,books,60.28,308
45,home-45,home,61.65,315
46,toys-46,toys,63.02,322
47,food-47,food,64.39,329
48,electronics-48,electronics,65.76,336
49,clothing-49,clothing,67.13,343
50,books-50,books,68.50,350
51,home-51,home,69.87,357
52,toys-52,toys,71.24,364
53,food-53,food,72.61,371
54,electronics-54,electronics,73.98,378
55,clothing-55,clothing,75.35,385
56,books-56,books,76.72,392
57,home-57,home,78.09,399
58,toys-58,toys,79.46,406
59,food-59,food,80.83,413
60,electronics-60,electronics,82.20,420
61,clothing-61,clothing,83.57,427
62,books-62,books,84.94,434
63,home-63,home,86.31,441
64,toys-64,toys,87.68,448
65,food-65,food,89.05,455
66,electronics-66,electronics,90.42,462
67,clothing-67,clothing,91.79,469
68,books-68,books,93.16,476
69,home-69,home,94.53,483
70,toys-70,toys,95.90,490
71,food-71,food,97.27,497
72,electronics-72,electronics,98.64,4
73,clothing-73,clothing,0.01,11
74,books-74,books,1.38,18
75,home-75,home,2.75,25
76,toys-76,toys,4.12,32
77,food-77,food,5.49,39
78,electronics-78,electronics,6.86,46
79,clothing-79,clothing,8.23,53
80,books-80,books,9.60,60
81,home-81,home,10.97,67
82,toys-82,toys,12.34,74
83,food-83,food,13.71,81
84,electronics-84,electronics,15.08,88
85,clothing-85,clothing,16.45,95
86,books-86,books,17.82,102
87,home-87,home,19.19,109
88,toys-88,toys,20.56,116
89,food-89,food,21.93,123
90,electronics-90,electronics,23.30,130
91,clothing-91,clothing,24.67,137
92,books-92,books,26.04,144
93,home-93,home,27.41,151
94,toys-94,toys,28.78,158
95,food-95,food,30.15,165
96,electronics-96,electronics,31.52,172
97,clothing-97,clothing,32.89,179
98,books-98,books,34.26,186
99,home-99,home,35.63,193
100,toys-100,toys,37.00,200
101,food-101,food,38.37,207
102,electronics-102,electronics,39.74,214
103,clothing-103,clothing,41.11,221
104,books-104,books,42.48,228
105,home-105,home,43.85,235
106,toys-106,toys,45.22,242
107,food-107,food,46.59,249
108,electronics-108,electronics,47.96,256
109,clothing-109,clothing,49.33,263
110,books-110,books,50.70,270
111,home-111,home,52.07,277
112,toys-112,toys,53.44,284
113,food-113,food,54.81,291
114,electronics-114,electronics,56.18,298
115,clothing-115,clothing,57.55,305
116,books-116,books,58.92,312
117,home-117,home,60.29,319
118,toys-118,toys,61.66,326
119,food-119,food,63.03,333
120,electronics-120,electronics,64.40,340
121,clothing-121,clothing,65.77,347
122,books-122,books,67.14,354
123,home-123,home,68.51,361
124,toys-124,toys,69.88,368
125,food-125,food,71.25,375
126,electronics-126,electronics,72.62,382
127,clothing-127,clothing,73.99,389
128,books-128,books,75.36,396
129,home-129,home,76.73,403
130,toys-130,toys,78.10,410
131,food-131,food,79.47,417
132,electronics-132,electronics,80.84,424
133,clothing-133,clothing,82.21,431
134,books-134,books,83.58,438
135,home-135,home,84.95,445
136,toys-136,toys,86.32,452
137,food-137,food,87.69,459
138,electronics-138,electronics,89.06,466
139,clothing-139,clothing,90.43,473
140,books-140,books,91.80,480
141,home-141,home,93.17,487
142,toys-142,toys,94.54,494
143,food-143,food,95.91,1
144,electronics-144,electronics,97.28,8
145,clothing-145,clothing,98.65,15
146,books-146,books,0.02,22
147,home-147,home,1.39,29
148,toys-148,toys,2.76,36
149,food-149,food,4.13,43
150,electronics-150,electronics,5.50,50
151,clothing-151,clothing,6.87,57
152,books-152,books,8.24,64
153,home-153,home,9.61,71
154,toys-154,toys,10.98,78
155,food-155,food,12.35,85
156,electronics-156,electronics,13.72,92
157,clothing-157,clothing,15.09,99
158,books-158,books,16.46,106
159,home-159,home,17.83,113
160,toys-160,toys,19.20,120
161,food-161,food,20.57,127
162,electronics-162,electronics,21.94,134
163,clothing-163,clothing,23.31,141
164,books-164,books,24.68,148
165,home-165,home,26.05,155
166,toys-166,toys,27.42,162
167,food-167,food,28.79,169
168,electronics-168,electronics,30.16,176
169,clothing-169,clothing,31.53,183
170,books-170,books,32.90,190
171,home-171,home,34.27,197
172,toys-172,toys,35.64,204
173,food-173,food,37.01,211
174,electronics-174,electronics,38.38,218
175,clothing-175,clothing,39.75,225
176,books-176,books,41.12,232
177,home-177,home,42.49,239
178,toys-178,toys,43.86,246
179,food-179,food,45.23,253
180,electronics-180,electronics,46.60,260
181,clothing-181,clothing,47.97,267
182,books-182,books,49.34,274
183,home-183,home,50.71,281
184,toys-184,toys,52.08,288
185,food-185,food,53.45,295
186,electronics-186,electronics,54.82,302
187,clothing-187,clothing,56.19,309
188,books-188,books,57.56,316
189,home-189,home,58.93,323
190,toys-190,toys,60.30,330
191,food-191,food,61.67,337
192,electronics-192,electronics,63.04,344
193,clothing-193,clothing,64.41,351
194,books-194,books,65.78,358
195,home-195,home,67.15,365
196,toys-196,toys,68.52,372
197,food-197,food,69.89,379
198,electronics-198,electronics,71.26,386
199,clothing-199,clothing,72.63,393
200,books-200,books,74.00,400
201,home-201,home,75.37,407
202,toys-202,toys,76.74,414
203,food-203,food,78.11,421
204,electronics-204,electronics,79.48,428
205,clothing-205,clothing,80.85,435
206,books-206,books,82.22,442
207,home-207,home,83.59,449
208,toys-208,toys,84.96,456
209,food-209,food,86.33,463
210,electronics-210,electronics,87.70,470
211,clothing-211,clothing,89.07,477
212,books-212,books,90.44,484
213,home-213,home,91.81,491
214,toys-214,toys,93.18,498
215,food-215,food,94.55,5
216,electronics-216,electronics,95.92,12
217,clothing-217,clothing,97.29,19
218,books-218,books,98.66,26
219,home-219,home,0.03,33
220,toys-220,toys,1.40,40
221,food-221,food,2.77,47
222,electronics-222,electronics,4.14,54
223,clothing-223,clothing,5.51,61
224,books-224,books,6.88,68
225,home-225,home,8.25,75
226,toys-226,toys,9.62,82
227,food-227,food,10.99,89
228,electronics-228,electronics,12.36,96
229,clothing-229,clothing,13.73,103
230,books-230,books,15.10,110
231,home-231,home,16.47,117
232,toys-232,toys,17.84,124
233,food-233,food,19.21,131
234,electronics-234,electronics,20.58,138
235,clothing-235,clothing,21.95,145
236,books-236,books,23.32,152
237,home-237,home,24.69,159
238,toys-238,toys,26.06,166
239,food-239,food,27.43,173
240,electronics-240,electronics,28.80,180
241,clothing-241,clothing,30.17,187
242,books-242,books,31.54,194
243,home-243,home,32.91,201
244,toys-244,toys,34.28,208
245,food-245,food,35.65,215
246,electronics-246,electronics,37.02,222
247,clothing-247,clothing,38.39,229
248,books-248,books,39.76,236
249,home-249,home,41.13,243
250,toys-250,toys,42.50,250
251,food-251,food,43.87,257
252,electronics-252,electronics,45.24,264
253,clothing-253,clothing,46.61,271
254,books-254,books,47.98,278
255,home-255,home,49.35,285
256,toys-256,toys,50.72,292
257,food-257,food,52.09,299
258,electronics-258,electronics,53.46,306
259,clothing-259,clothing,54.83,313
260,books-260,books,56.20,320
261,home-261,home,57.57,327
262,toys-262,toys,58.94,334
263,food-263,food,60.31,341
264,electronics-264,electronics,61.68,348
265,clothing-265,clothing,63.05,355
266,books-266,books,64.42,362
267,home-267,home,65.79,369
268,toys-268,toys,67.16,376
269,food-269,food,68.53,383
270,electronics-270,electronics,69.90,390
271,clothing-271,clothing,71.27,397
272,books-272,books,72.64,404
273,home-273,home,74.01,411
274,toys-274,toys,75.38,418
275,food-275,food,76.75,425
276,electronics-276,electronics,78.12,432
277,clothing-277,clothing,79.49,439
278,books-278,books,80.86,446
279,home-279,home,82.23,453
280,toys-280,toys,83.60,460
281,food-281,food,84.97,467
282,electronics-282,electronics,86.34,474
283,clothing-283,clothing,87.71,481
284,books-284,books,89.08,488
285,home-285,home,90.45,495
286,toys-286,toys,91.82,2
287,food-287,food,93.19,9
288,electronics-288,electronics,94.56,16
289,clothing-289,clothing,95.93,23
290,books-290,books,97.30,30
291,home-291,home,98.67,37
292,toys-292,toys,0.04,44
293,food-293,food,1.41,51
294,electronics-294,electronics,2.78,58
295,clothing-295,clothing,4.15,65
296,books-296,books,5.52,72
297,home-297,home,6.89,79
298,toys-298,toys,8.26,86
299,food-299,food,9.63,93
300,electronics-300,electronics,11.00,100
301,clothing-301,clothing,12.37,107
302,books-302,books,13.74,114
303,home-303,home,15.11,121
304,toys-304,toys,16.48,128
305,food-305,food,17.85,135
306,electronics-306,electronics,19.22,142
307,clothing-307,clothing,20.59,149
308,books-308,books,21.96,156
309,home-309,home,23.33,163
310,toys-310,toys,24.70,170
311,food-311,food,26.07,177
312,electronics-312,electronics,27.44,184
313,clothing-313,clothing,28.81,191
314,books-314,books,30.18,198
315,home-315,home,31.55,205
316,toys-316,toys,32.92,212
317,food-317,food,34.29,219
318,electronics-318,electronics,35.66,226
319,clothing-319,clothing,37.03,233
320,books-320,books,38.40,240
321,home-321,home,39.77,247
322,toys-322,toys,41.14,254
323,food-323,food,42.51,261
324,electronics-324,electronics,43.88,268
325,clothing-325,clothing,45.25,275
326,books-326,books,46.62,282
327,home-327,home,47.99,289
328,toys-328,toys,49.36,296
329,food-329,food,50.73,303
330,electronics-330,electronics,52.10,310
331,clothing-331,clothing,53.47,317
332,books-332,books,54.84,324
333,home-333,home,56.21,331
334,toys-334,toys,57.58,338
335,food-335,food,58.95,345
336,electronics-336,electronics,60.32,352
337,clothing-337,clothing,61.69,359
338,books-338,books,63.06,366
339,home-339,home,64.43,373
340,toys-340,toys,65.80,380
341,food-341,food,67.17,387
342,electronics-342,electronics,68.54,394
343,clothing-343,clothing,69.91,401
344,books-344,books,71.28,408
345,home-345,home,72.65,415
346,toys-346,toys,74.02,422
347,food-347,food,75.39,429
348,electronics-348,electronics,76.76,436
349,clothing-349,clothing,78.13,443
350,books-350,books,79.50,450
351,home-351,home,80.87,457
352,toys-352,toys,82.24,464
353,food-353,food,83.61,471
354,electronics-354,electronics,84.98,478
355,clothing-355,clothing,86.35,485
356,books-356,books,87.72,492
357,home-357,home,89.09,499
358,toys-358,toys,90.46,6
359,food-359,food,91.83,13
360,electronics-360,electronics,93.20,20
361,clothing-361,clothing,94.57,27
362,books-362,books,95.94,34
363,home-363,home,97.31,41
364,toys-364,toys,98.68,48
365,food-365,food,0.05,55
366,electronics-366,electronics,1.42,62
367,clothing-367,clothing,2.79,69
368,books-368,books,4.16,76
369,home-369,home,5.53,83
370,toys-370,toys,6.90,90
371,food-371,food,8.27,97
372,electronics-372,electronics,9.64,104
373,clothing-373,clothing,11.01,111
374,books-374,books,12.38,118
375,home-375,home,13.75,125
376,toys-376,toys,15.12,132
377,food-377,food,16.49,139
378,electronics-378,electronics,17.86,146
379,clothing-379,clothing,19.23,153
380,books-380,books,20.60,160
381,home-381,home,21.97,167
382,toys-382,toys,23.34,174
383,food-383,food,24.71,181
384,electronics-384,electronics,26.08,188
385,clothing-385,clothing,27.45,195
386,books-386,books,28.82,202
387,home-387,home,30.19,209
388,toys-388,toys,31.56,216
389,food-389,food,32.93,223
390,electronics-390,electronics,34.30,230
391,clothing-391,clothing,35.67,237
392,books-392,books,37.04,244
393,home-393,home,38.41,251
394,toys-394,toys,39.78,258
395,food-395,food,41.15,265
396,electronics-396,electronics,42.52,272
397,clothing-397,clothing,43.89,279
398,books-398,books,45.26,286
399,home-399,home,46.63,293
400,toys-400,toys,48.00,300
401,food-401,food,49.37,307
402,electronics-402,electronics,50.74,314
403,clothing-403,clothing,52.11,321
404,books-404,books,53.48,328
405,home-405,home,54.85,335
406,toys-406,toys,56.22,342
407,food-407,food,57.59,349
408,electronics-408,electronics,58.96,356
409,clothing-409,clothing,60.33,363
410,books-410,books,61.70,370
411,home-411,home,63.07,377
412,toys-412,toys,64.44,384
413,food-413,food,65.81,391
414,electronics-414,electronics,67.18,398
415,clothing-415,clothing,68.55,405
416,books-416,books,69.92,412
417,home-417,home,71.29,419
418,toys-418,toys,72.66,426
419,food-419,food,74.03,433
420,electronics-420,electronics,75.40,440
421,clothing-421,clothing,76.77,447
422,books-422,books,78.14,454
423,home-423,home,79.51,461
424,toys-424,toys,80.88,468
425,food-425,food,82.25,475
426,electronics-426,electronics,83.62,482
427,clothing-427,clothing,84.99,489
428,books-428,books,86.36,496
429,home-429,home,87.73,3
430,toys-430,toys,89.10,10
431,food-431,food,90.47,17
432,electronics-432,electronics,91.84,24
433,clothing-433,clothing,93.21,31
434,books-434,books,94.58,38
435,home-435,home,95.95,45
436,toys-436,toys,97.32,52
437,food-437,food,98.69,59
438,electronics-438,electronics,0.06,66
439,clothing-439,clothing,1.43,73
440,books-440,books,2.80,80
441,home-441,home,4.17,87
442,toys-442,toys,5.54,94
443,food-443,food,6.91,101
444,electronics-444,electronics,8.28,108
445,clothing-445,clothing,9.65,115
446,books-446,books,11.02,122
447,home-447,home,12.39,129
448,toys-448,toys,13.76,136
449,food-449,food,15.13,143
450,electronics-450,electronics,16.50,150
451,clothing-451,clothing,17.87,157
452,books-452,books,19.24,164
453,home-453,home,20.61,171
454,toys-454,toys,21.98,178
455,food-455,food,23.35,185
456,electronics-456,electronics,24.72,192
457,clothing-457,clothing,26.09,199
458,books-458,books,27.46,206
459,home-459,home,28.83,213
460,toys-460,toys,30.20,220
461,food-461,food,31.57,227
462,electronics-462,electronics,32.94,234
463,clothing-463,clothing,34.31,241
464,books-464,books,35.68,248
465,home-465,home,37.05,255
466,toys-466,toys,38.42,262
467,food-467,food,39.79,269
468,electronics-468,electronics,41.16,276
469,clothing-469,clothing,42.53,283
470,books-470,books,43.90,290
471,home-471,home,45.27,297
472,toys-472,toys,46.64,304
473,food-473,food,48.01,311
474,electronics-474,electronics,49.38,318
475,clothing-475,clothing,50.75,325
476,books-476,books,52.12,332
477,home-477,home,53.49,339
478,toys-478,toys,54.86,346
479,food-479,food,56.23,353
480,electronics-480,electronics,57.60,360
481,clothing-481,clothing,58.97,367
482,books-482,books,60.34,374
483,home-483,home,61.71,381
484,toys-484,toys,63.08,388
485,food-485,food,64.45,395
486,electronics-486,electronics,65.82,402
487,clothing-487,clothing,67.19,409
488,books-488,books,68.56,416
489,home-489,home,69.93,423
490,toys-490,toys,71.30,430
491,food-491,food,72.67,437
492,electronics-492,electronics,74.04,444
493,clothing-493,clothing,75.41,451
494,books-494,books,76.78,458
495,home-495,home,78.15,465
496,toys-496,toys,79.52,472
497,food-497,food,80.89,479
498,electronics-498,electronics,82.26,486
499,clothing-499,clothing,83.63,493
500,books-500,books,85.00,0
501,home-501,home,86.37,7
502,toys-502,toys,87.74,14
503,food-503,food,89.11,21
504,electronics-504,electronics,90.48,28
505,clothing-505,clothing,91.85,35
506,books-506,books,93.22,42
507,home-507,home,94.59,49
508,toys-508,toys,95.96,56
509,food-509,food,97.33,63
510,electronics-510,electronics,98.70,70
511,clothing-511,clothing,0.07,77
512,books-512,books,1.44,84
513,home-513,home,2.81,91
514,toys-514,toys,4.18,98
515,food-515,food,5.55,105
516,electronics-516,electronics,6.92,112
517,clothing-517,clothing,8.29,119
518,books-518,books,9.66,126
519,home-519,home,11.03,133
520,toys-520,toys,12.40,140
521,food-521,food,13.77,147
522,electronics-522,electronics,15.14,154
523,clothing-523,clothing,16.51,161
524,books-524,books,17.88,168
525,home-525,home,19.25,175
526,toys-526,toys,20.62,182
527,food-527,food,21.99,189
528,electronics-528,electronics,23.36,196
529,clothing-529,clothing,24.73,203
530,books-530,books,26.10,210
531,home-531,home,27.47,217
532,toys-532,toys,28.84,224
533,food-533,food,30.21,231
534,electronics-534,electronics,31.58,238
535,clothing-535,clothing,32.95,245
536,books-536,books,34.32,252
537,home-537,home,35.69,259
538,toys-538,toys,37.06,266
539,food-539,food,38.43,273
540,electronics-540,electronics,39.80,280
541,clothing-541,clothing,41.17,287
542,books-542,books,42.54,294
543,home-543,home,43.91,301
544,toys-544,toys,45.28,308
545,food-545,food,46.65,315
546,electronics-546,electronics,48.02,322
547,clothing-547,clothing,49.39,329
548,books-548,books,50.76,336
549,home-549,home,52.13,343
550,toys-550,toys,53.50,350
551,food-551,food,54.87,357
552,electronics-552,electronics,56.24,364
553,clothing-553,clothing,57.61,371
554,books-554,books,58.98,378
555,home-555,home,60.35,385
556,toys-556,toys,61.72,392
557,food-557,food,63.09,399
558,electronics-558,electronics,64.46,406
559,clothing-559,clothing,65.83,413
560,books-560,books,67.20,420
561,home-561,home,68.57,427
562,toys-562,toys,69.94,434
563,food-563,food,71.31,441
564,electronics-564,electronics,72.68,448
565,clothing-565,clothing,74.05,455
566,books-566,books,75.42,462
567,home-567,home,76.79,469
568,toys-568,toys,78.16,476
569,food-569,food,79.53,483
570,electronics-570,electronics,80.90,490
571,clothing-571,clothing,82.27,497
572,books-572,books,83.64,4
573,home-573,home,85.01,11
574,toys-574,toys,86.38,18
575,food-575,food,87.75,25
576,electronics-576,electronics,89.12,32
577,clothing-577,clothing,90.49,39
578,books-578,books,91.86,46
579,home-579,home,93.23,53
580,toys-580,toys,94.60,60
581,food-581,food,95.97,67
582,electronics-582,electronics,97.34,74
583,clothing-583,clothing,98.71,81
584,books-584,books,0.08,88
585,home-585,home,1.45,95
586,toys-586,toys,2.82,102
587,food-587,food,4.19,109
588,electronics-588,electronics,5.56,116
589,clothing-589,clothing,6.93,123
590,books-590,books,8.30,130
591,home-591,home,9.67,137
592,toys-592,toys,11.04,144
593,food-593,food,12.41,151
594,electronics-594,electronics,13.78,158
595,clothing-595,clothing,15.15,165
596,books-596,books,16.52,172
597,home-597,home,17.89,179
598,toys-598,toys,19.26,186
599,food-599,food,20.63,193
600,electronics-600,electronics,22.00,200
601,clothing-601,clothing,23.37,207
602,books-602,books,24.74,214
603,home-603,home,26.11,221
604,toys-604,toys,27.48,228
605,food-605,food,28.85,235
606,electronics-606,electronics,30.22,242
607,clothing-607,clothing,31.59,249
608,books-608,books,32.96,256
609,home-609,home,34.33,263
610,toys-610,toys,35.70,270
611,food-611,food,37.07,277
612,electronics-612,electronics,38.44,284
613,clothing-613,clothing,39.81,291
614,books-614,books,41.18,298
615,home-615,home,42.55,305
616,toys-616,toys,43.92,312
617,food-617,food,45.29,319
618,electronics-618,electronics,46.66,326
619,clothing-619,clothing,48.03,333
620,books-620,books,49.40,340
621,home-621,home,50.77,347
622,toys-622,toys,52.14,354
623,food-623,food,53.51,361
624,electronics-624,electronics,54.88,368
625,clothing-625,clothing,56.25,375
626,books-626,books,57.62,382
627,home-627,home,58.99,389
628,toys-628,toys,60.36,396
629,food-629,food,61.73,403
630,electronics-630,electronics,63.10,410
631,clothing-631,clothing,64.47,417
632,books-632,books,65.84,424
633,home-633,home,67.21,431
634,toys-634,toys,68.58,438
635,food-635,food,69.95,445
636,electronics-636,electronics,71.32,452
637,clothing-637,clothing,72.69,459
638,books-638,books,74.06,466
639,home-639,home,75.43,473
640,toys-640,toys,76.80,480
641,food-641,food,78.17,487
642,electronics-642,electronics,79.54,494
643,clothing-643,clothing,80.91,1
644,books-644,books,82.28,8
645,home-645,home,83.65,15
646,toys-646,toys,85.02,22
647,food-647,food,86.39,29
648,electronics-648,electronics,87.76,36
649,clothing-649,clothing,89.13,43
650,books-650,books,90.50,50
651,home-651,home,91.87,57
652,toys-652,toys,93.24,64
653,food-653,food,94.61,71
654,electronics-654,electronics,95.98,78
655,clothing-655,clothing,97.35,85
656,books-656,books,98.72,92
657,home-657,home,0.09,99
658,toys-658,toys,1.46,106
659,food-659,food,2.83,113
660,electronics-660,electronics,4.20,120
661,clothing-661,clothing,5.57,127
662,books-662,books,6.94,134
663,home-663,home,8.31,141
664,toys-664,toys,9.68,148
665,food-665,food,11.05,155
666,electronics-666,electronics,12.42,162
667,clothing-667,clothing,13.79,169
668,books-668,books,15.16,176
669,home-669,home,16.53,183
670,toys-670,toys,17.90,190
671,food-671,food,19.27,197
672,electronics-672,electronics,20.64,204
673,clothing-673,clothing,22.01,211
674,books-674,books,23.38,218
675,home-675,home,24.75,225
676,toys-676,toys,26.12,232
677,food-677,food,27.49,239
678,electronics-678,electronics,28.86,246
679,clothing-679,clothing,30.23,253
680,books-680,books,31.60,260
681,home-681,home,32.97,267
682,toys-682,toys,34.34,274
683,food-683,food,35.71,281
684,electronics-684,electronics,37.08,288
685,clothing-685,clothing,38.45,295
686,books-686,books,39.82,302
687,home-687,home,41.19,309
688,toys-688,toys,42.56,316
689,food-689,food,43.93,323
690,electronics-690,electronics,45.30,330
691,clothing-691,clothing,46.67,337
692,books-692,books,48.04,344
693,home-693,home,49.41,351
694,toys-694,toys,50.78,358
695,food-695,food,52.15,365
696,electronics-696,electronics,53.52,372
697,clothing-697,clothing,54.89,379
698,books-698,books,56.26,386
699,home-699,home,57.63,393
700,toys-700,toys,59.00,400
701,food-701,food,60.37,407
702,electronics-702,electronics,61.74,414
703,clothing-703,clothing,63.11,421
704,books-704,books,64.48,428
705,home-705,home,65.85,435
706,toys-706,toys,67.22,442
707,food-707,food,68.59,449
708,electronics-708,electronics,69.96,456
709,clothing-709,clothing,71.33,463
710,books-710,books,72.70,470
711,home-711,home,74.07,477
712,toys-712,toys,75.44,484
713,food-713,food,76.81,491
714,electronics-714,electronics,78.18,498
715,clothing-715,clothing,79.55,5
716,books-716,books,80.92,12
717,home-717,home,82.29,19
718,toys-718,toys,83.66,26
719,food-719,food,85.03,33
720,electronics-720,electronics,86.40,40
721,clothing-721,clothing,87.77,47
722,books-722,books,89.14,54
723,home-723,home,90.51,61
724,toys-724,toys,91.88,68
725,food-725,food,93.25,75
726,electronics-726,electronics,94.62,82
727,clothing-727,clothing,95.99,89
728,books-728,books,97.36,96
729,home-729,home,98.73,103
730,toys-730,toys,0.10,110
731,food-731,food,1.47,117
732,electronics-732,electronics,2.84,124
733,clothing-733,clothing,4.21,131
734,books-734,books,5.58,138
735,home-735,home,6.95,145
736,toys-736,toys,8.32,152
737,food-737,food,9.69,159
738,electronics-738,electronics,11.06,166
739,clothing-739,clothing,12.43,173
740,books-740,books,13.80,180
741,home-741,home,15.17,187
742,toys-742,toys,16.54,194
743,food-743,food,17.91,201
744,electronics-744,electronics,19.28,208
745,clothing-745,clothing,20.65,215
746,books-746,books,22.02,222
747,home-747,home,23.39,229
748,toys-748,toys,24.76,236
749,food-749,food,26.13,243
750,electronics-750,electronics,27.50,250
751,clothing-751,clothing,28.87,257
752,books-752,books,30.24,264
753,home-753,home,31.61,271
754,toys-754,toys,32.98,278
755,food-755,food,34.35,285
756,electronics-756,electronics,35.72,292
757,clothing-757,clothing,37.09,299
758,books-758,books,38.46,306
759,home-759,home,39.83,313
760,toys-760,toys,41.20,320
761,food-761,food,42.57,327
762,electronics-762,electronics,43.94,334
763,clothing-763,clothing,45.31,341
764,books-764,books,46.68,348
765,home-765,home,48.05,355
766,toys-766,toys,49.42,362
767,food-767,food,50.79,369
768,electronics-768,electronics,52.16,376
769,clothing-769,clothing,53.53,383
770,books-770,books,54.90,390
771,home-771,home,56.27,397
772,toys-772,toys,57.64,404
773,food-773,food,59.01,411
774,electronics-774,electronics,60.38,418
775,clothing-775,clothing,61.75,425
776,books-776,books,63.12,432
777,home-777,home,64.49,439
778,toys-778,toys,65.86,446
779,food-779,food,67.23,453
780,electronics-780,electronics,68.60,460
781,clothing-781,clothing,69.97,467
782,books-782,books,71.34,474
783,home-783,home,72.71,481
784,toys-784,toys,74.08,488
785,food-785,food,75.45,495
786,electronics-786,electronics,76.82,2
787,clothing-787,clothing,78.19,9
788,books-788,books,79.56,16
789,home-789,home,80.93,23
790,toys-790,toys,82.30,30
791,food-791,food,83.67,37
792,electronics-792,electronics,85.04,44
793,clothing-793,clothing,86.41,51
794,books-794,books,87.78,58
795,home-795,home,89.15,65
796,toys-796,toys,90.52,72
797,food-797,food,91.89,79
798,electronics-798,electronics,93.26,86
799,clothing-799,clothing,94.63,93
800,books-800,books,96.00,100
801,home-801,home,97.37,107
802,toys-802,toys,98.74,114
803,food-803,food,0.11,121
804,electronics-804,electronics,1.48,128
805,clothing-805,clothing,2.85,135
806,books-806,books,4.22,142
807,home-807,home,5.59,149
808,toys-808,toys,6.96,156
809,food-809,food,8.33,163
810,electronics-810,electronics,9.70,170
811,clothing-811,clothing,11.07,177
812,books-812,books,12.44,184
813,home-813,home,13.81,191
814,toys-814,toys,15.18,198
815,food-815,food,16.55,205
816,electronics-816,electronics,17.92,212
817,clothing-817,clothing,19.29,219
818,books-818,books,20.66,226
819,home-819,home,22.03,233
820,toys-820,toys,23.40,240
821,food-821,food,24.77,247
822,electronics-822,electronics,26.14,254
823,clothing-823,clothing,27.51,261
824,books-824,books,28.88,268
825,home-825,home,30.25,275
826,toys-826,toys,31.62,282
827,food-827,food,32.99,289
828,electronics-828,electronics,34.36,296
829,clothing-829,clothing,35.73,303
830,books-830,books,37.10,310
831,home-831,home,38.47,317
832,toys-832,toys,39.84,324
833,food-833,food,41.21,331
834,electronics-834,electronics,42.58,338
835,clothing-835,clothing,43.95,345
836,books-836,books,45.32,352
837,home-837,home,46.69,359
838,toys-838,toys,48.06,366
839,food-839,food,49.43,373
840,electronics-840,electronics,50.80,380
841,clothing-841,clothing,52.17,387
842,books-842,books,53.54,394
843,home-843,home,54.91,401
844,toys-844,toys,56.28,408
845,food-845,food,57.65,415
846,electronics-846,electronics,59.02,422
847,clothing-847,clothing,60.39,429
848,books-848,books,61.76,436
849,home-849,home,63.13,443
850,toys-850,toys,64.50,450
851,food-851,food,65.87,457
852,electronics-852,electronics,67.24,464
853,clothing-853,clothing,68.61,471
854,books-854,books,69.98,478
855,home-855,home,71.35,485
856,toys-856,toys,72.72,492
857,food-857,food,74.09,499
858,electronics-858,electronics,75.46,6
859,clothing-859,clothing,76.83,13
860,books-860,books,78.20,20
861,home-861,home,79.57,27
862,toys-862,toys,80.94,34
863,food-863,food,82.31,41
864,electronics-864,electronics,83.68,48
865,clothing-865,clothing,85.05,55
866,books-866,books,86.42,62
867,home-867,home,87.79,69
868,toys-868,toys,89.16,76
869,food-869,food,90.53,83
870,electronics-870,electronics,91.90,90
871,clothing-871,clothing,93.27,97
872,books-872,books,94.64,104
873,home-873,home,96.01,111
874,toys-874,toys,97.38,118
875,food-875,food,98.75,125
876,electronics-876,electronics,0.12,132
877,clothing-877,clothing,1.49,139
878,books-878,books,2.86,146
879,home-879,home,4.23,153
880,toys-880,toys,5.60,160
881,food-881,food,6.97,167
882,electronics-882,electronics,8.34,174
883,clothing-883,clothing,9.71,181
884,books-884,books,11.08,188
885,home-885,home,12.45,195
886,toys-886,toys,13.82,202
887,food-887,food,15.19,209
888,electronics-888,electronics,16.56,216
889,clothing-889,clothing,17.93,223
890,books-890,books,19.30,230
891,home-891,home,20.67,237
892,toys-892,toys,22.04,244
893,food-893,food,23.41,251
894,electronics-894,electronics,24.78,258
895,clothing-895,clothing,26.15,265
896,books-896,books,27.52,272
897,home-897,home,28.89,279
898,toys-898,toys,30.26,286
899,food-899,food,31.63,293
900,electronics-900,electronics,33.00,300
901,clothing-901,clothing,34.37,307
902,books-902,books,35.74,314
903,home-903,home,37.11,321
904,toys-904,toys,38.48,328
905,food-905,food,39.85,335
906,electronics-906,electronics,41.22,342
907,clothing-907,clothing,42.59,349
908,books-908,books,43.96,356
909,home-909,home,45.33,363
910,toys-910,toys,46.70,370
911,food-911,food,48.07,377
912,electronics-912,electronics,49.44,384
913,clothing-913,clothing,50.81,391
914,books-914,books,52.18,398
915,home-915,home,53.55,405
916,toys-916,toys,54.92,412
917,food-917,food,56.29,419
918,electronics-918,electronics,57.66,426
919,clothing-919,clothing,59.03,433
920,books-920,books,60.40,440
921,home-921,home,61.77,447
922,toys-922,toys,63.14,454
923,food-923,food,64.51,461
924,electronics-924,electronics,65.88,468
925,clothing-925,clothing,67.25,475
926,books-926,books,68.62,482
927,home-927,home,69.99,489
928,toys-928,toys,71.36,496
929,food-929,food,72.73,3
930,electronics-930,electronics,74.10,10
931,clothing-931,clothing,75.47,17
932,books-932,books,76.84,24
933,home-933,home,78.21,31
934,toys-934,toys,79.58,38
935,food-935,food,80.95,45
936,electronics-936,electronics,82.32,52
937,clothing-937,clothing,83.69,59
938,books-938,books,85.06,66
939,home-939,home,86.43,73
940,toys-940,toys,87.80,80
941,food-941,food,89.17,87
942,electronics-942,electronics,90.54,94
943,clothing-943,clothing,91.91,101
944,books-944,books,93.28,108
945,home-945,home,94.65,115
946,toys-946,toys,96.02,122
947,food-947,food,97.39,129
948,electronics-948,electronics,98.76,136
949,clothing-949,clothing,0.13,143
950,books-950,books,1.50,150
951,home-951,home,2.87,157
952,toys-952,toys,4.24,164
953,food-953,food,5.61,171
954,electronics-954,electronics,6.98,178
955,clothing-955,clothing,8.35,185
956,books-956,books,9.72,192
957,home-957,home,11.09,199
958,toys-958,toys,12.46,206
959,food-959,food,13.83,213
960,electronics-960,electronics,15.20,220
961,clothing-961,clothing,16.57,227
962,books-962,books,17.94,234
963,home-963,home,19.31,241
964,toys-964,toys,20.68,248
965,food-965,food,22.05,255
966,electronics-966,electronics,23.42,262
967,clothing-967,clothing,24.79,269
968,books-968,books,26.16,276
969,home-969,home,27.53,283
970,toys-970,toys,28.90,290
971,food-971,food,30.27,297
972,electronics-972,electronics,31.64,304
973,clothing-973,clothing,33.01,311
974,books-974,books,34.38,318
975,home-975,home,35.75,325
976,toys-976,toys,37.12,332
977,food-977,food,38.49,339
978,electronics-978,electronics,39.86,346
979,clothing-979,clothing,41.23,353
980,books-980,books,42.60,360
981,home-981,home,43.97,367
982,toys-982,toys,45.34,374
983,food-983,food,46.71,381
984,electronics-984,electronics,48.08,388
985,clothing-985,clothing,49.45,395
986,books-986,books,50.82,402
987,home-987,home,52.19,409
988,toys-988,toys,53.56,416
989,food-989,food,54.93,423
990,electronics-990,electronics,56.30,430
991,clothing-991,clothing,57.67,437
992,books-992,books,59.04,444
993,home-993,home,60.41,451
994,toys-994,toys,61.78,458
995,food-995,food,63.15,465
996,electronics-996,electronics,64.52,472
997,clothing-997,clothing,65.89,479
998,books-998,books,67.26,486
999,home-999,home,68.63,493
1000,toys-1000,toys,70.00,0
1001,food-1001,food,71.37,7
1002,electronics-1002,electronics,72.74,14
1003,clothing-1003,clothing,74.11,21
1004,books-1004,books,75.48,28
1005,home-1005,home,76.85,35
1006,toys-1006,toys,78.22,42
1007,food-1007,food,79.59,49
1008,electronics-1008,electronics,80.96,56
1009,clothing-1009,clothing,82.33,63
1010,books-1010,books,83.70,70
1011,home-1011,home,85.07,77
1012,toys-1012,toys,86.44,84
1013,food-1013,food,87.81,91
1014,electronics-1014,electronics,89.18,98
1015,clothing-1015,clothing,90.55,105
1016,books-1016,books,91.92,112
1017,home-1017,home,93.29,119
1018,toys-1018,toys,94.66,126
1019,food-1019,food,96.03,133
1020,electronics-1020,electronics,97.40,140
1021,clothing-1021,clothing,98.77,147
1022,books-1022,books,0.14,154
1023,home-1023,home,1.51,161
1024,toys-1024,toys,2.88,168
1025,food-1025,food,4.25,175
1026,electronics-1026,electronics,5.62,182
1027,clothing-1027,clothing,6.99,189
1028,books-1028,books,8.36,196
1029,home-1029,home,9.73,203
1030,toys-1030,toys,11.10,210
1031,food-1031,food,12.47,217
1032,electronics-1032,electronics,13.84,224
1033,clothing-1033,clothing,15.21,231
1034,books-1034,books,16.58,238
1035,home-1035,home,17.95,245
1036,toys-1036,toys,19.32,252
1037,food-1037,food,20.69,259
1038,electronics-1038,electronics,22.06,266
1039,clothing-1039,clothing,23.43,273
1040,books-1040,books,24.80,280
1041,home-1041,home,26.17,287
1042,toys-1042,toys,27.54,294
1043,food-1043,food,28.91,301
1044,electronics-1044,electronics,30.28,308
1045,clothing-1045,clothing,31.65,315
1046,books-1046,books,33.02,322
1047,home-1047,home,34.39,329
1048,toys-1048,toys,35.76,336
1049,food-1049,food,37.13,343
1050,electronics-1050,electronics,38.50,350
1051,clothing-1051,clothing,39.87,357
1052,books-1052,books,41.24,364
1053,home-1053,home,42.61,371
1054,toys-1054,toys,43.98,378
1055,food-1055,food,45.35,385
1056,electronics-1056,electronics,46.72,392
1057,clothing-1057,clothing,48.09,399
1058,books-1058,books,49.46,406
1059,home-1059,home,50.83,413
1060,toys-1060,toys,52.20,420
1061,food-1061,food,53.57,427
1062,electronics-1062,electronics,54.94,434
1063,clothing-1063,clothing,56.31,441
1064,books-1064,books,57.68,448
1065,home-1065,home,59.05,455
1066,toys-1066,toys,60.42,462
1067,food-1067,food,61.79,469
1068,electronics-1068,electronics,63.16,476
1069,clothing-1069,clothing,64.53,483
1070,books-1070,books,65.90,490
1071,home-1071,home,67.27,497
1072,toys-1072,toys,68.64,4
1073,food-1073,food,70.01,11
1074,electronics-1074,electronics,71.38,18
1075,clothing-1075,clothing,72.75,25
1076,books-1076,books,74.12,32
1077,home-1077,home,75.49,39
1078,toys-1078,toys,76.86,46
1079,food-1079,food,78.23,53
1080,electronics-1080,electronics,79.60,60
1081,clothing-1081,clothing,80.97,67
1082,books-1082,books,82.34,74
1083,home-1083,home,83.71,81
1084,toys-1084,toys,85.08,88
1085,food-1085,food,86.45,95
1086,electronics-1086,electronics,87.82,102
1087,clothing-1087,clothing,89.19,109
1088,books-1088,books,90.56,116
1089,home-1089,home,91.93,123
1090,toys-1090,toys,93.30,130
1091,food-1091,food,94.67,137
1092,electronics-1092,electronics,96.04,144
1093,clothing-1093,clothing,97.41,151
1094,books-1094,books,98.78,158
1095,home-1095,home,0.15,165
1096,toys-1096,toys,1.52,172
1097,food-1097,food,2.89,179
1098,electronics-1098,electronics,4.26,186
1099,clothing-1099,clothing,5.63,193
1100,books-1100,books,7.00,200
1101,home-1101,home,8.37,207
1102,toys-1102,toys,9.74,214
1103,food-1103,food,11.11,221
1104,electronics-1104,electronics,12.48,228
1105,clothing-1105,clothing,13.85,235
1106,books-1106,books,15.22,242
1107,home-1107,home,16.59,249
1108,toys-1108,toys,17.96,256
1109,food-1109,food,19.33,263
1110,electronics-1110,electronics,20.70,270
1111,clothing-1111,clothing,22.07,277
1112,books-1112,books,23.44,284
1113,home-1113,home,24.81,291
1114,toys-1114,toys,26.18,298
1115,food-1115,food,27.55,305
1116,electronics-1116,electronics,28.92,312
1117,clothing-1117,clothing,30.29,319
1118,books-1118,books,31.66,326
1119,home-1119,home,33.03,333
1120,toys-1120,toys,34.40,340
1121,food-1121,food,35.77,347
1122,electronics-1122,electronics,37.14,354
1123,clothing-1123,clothing,38.51,361
1124,books-1124,books,39.88,368
1125,home-1125,home,41.25,375
1126,toys-1126,toys,42.62,382
1127,food-1127,food,43.99,389
1128,electronics-1128,electronics,45.36,396
1129,clothing-1129,clothing,46.73,403
1130,books-1130,books,48.10,410
1131,home-1131,home,49.47,417
1132,toys-1132,toys,50.84,424
1133,food-1133,food,52.21,431
1134,electronics-1134,electronics,53.58,438
1135,clothing-1135,clothing,54.95,445
1136,books-1136,books,56.32,452
1137,home-1137,home,57.69,459
1138,toys-1138,toys,59.06,466
1139,food-1139,food,60.43,473
1140,electronics-1140,electronics,61.80,480
1141,clothing-1141,clothing,63.17,487
1142,books-1142,books,64.54,494
1143,home-1143,home,65.91,1
1144,toys-1144,toys,67.28,8
1145,food-1145,food,68.65,15
1146,electronics-1146,electronics,70.02,22
1147,clothing-1147,clothing,71.39,29
1148,books-1148,books,72.76,36
1149,home-1149,home,74.13,43
1150,toys-1150,toys,75.50,50
1151,food-1151,food,76.87,57
1152,electronics-1152,electronics,78.24,64
1153,clothing-1153,clothing,79.61,71
1154,books-1154,books,80.98,78
1155,home-1155,home,82.35,85
1156,toys-1156,toys,83.72,92
1157,food-1157,food,85.09,99
1158,electronics-1158,electronics,86.46,106
1159,clothing-1159,clothing,87.83,113
1160,books-1160,books,89.20,120
1161,home-1161,home,90.57,127
1162,toys-1162,toys,91.94,134
1163,food-1163,food,93.31,141
1164,electronics-1164,electronics,94.68,148
1165,clothing-1165,clothing,96.05,155
1166,books-1166,books,97.42,162
1167,home-1167,home,98.79,169
1168,toys-1168,toys,0.16,176
1169,food-1169,food,1.53,183
1170,electronics-1170,electronics,2.90,190
1171,clothing-1171,clothing,4.27,197
1172,books-1172,books,5.64,204
1173,home-1173,home,7.01,211
1174,toys-1174,toys,8.38,218
1175,food-1175,food,9.75,225
1176,electronics-1176,electronics,11.12,232
1177,clothing-1177,clothing,12.49,239
1178,books-1178,books,13.86,246
1179,home-1179,home,15.23,253
1180,toys-1180,toys,16.60,260
1181,food-1181,food,17.97,267
1182,electronics-1182,electronics,19.34,274
1183,clothing-1183,clothing,20.71,281
1184,books-1184,books,22.08,288
1185,home-1185,home,23.45,295
1186,toys-1186,toys,24.82,302
1187,food-1187,food,26.19,309
1188,electronics-1188,electronics,27.56,316
1189,clothing-1189,clothing,28.93,323
1190,books-1190,books,30.30,330
1191,home-1191,home,31.67,337
1192,toys-1192,toys,33.04,344
1193,food-1193,food,34.41,351
1194,electronics-1194,electronics,35.78,358
1195,clothing-1195,clothing,37.15,365
1196,books-1196,books,38.52,372
1197,home-1197,home,39.89,379
1198,toys-1198,toys,41.26,386
1199,food-1199,food,42.63,393
1200,electronics-1200,electronics,44.00,400
1201,clothing-1201,clothing,45.37,407
1202,books-1202,books,46.74,414
1203,home-1203,home,48.11,421
1204,toys-1204,toys,49.48,428
1205,food-1205,food,50.85,435
1206,electronics-1206,electronics,52.22,442
1207,clothing-1207,clothing,53.59,449
1208,books-1208,books,54.96,456
1209,home-1209,home,56.33,463
1210,toys-1210,toys,57.70,470
1211,food-1211,food,59.07,477
1212,electronics-1212,electronics,60.44,484
1213,clothing-1213,clothing,61.81,491
1214,books-1214,books,63.18,498
1215,home-1215,home,64.55,5
1216,toys-1216,toys,65.92,12
1217,food-1217,food,67.29,19
1218,electronics-1218,electronics,68.66,26
1219,clothing-1219,clothing,70.03,33
1220,books-1220,books,71.40,40
1221,home-1221,home,72.77,47
1222,toys-1222,toys,74.14,54
1223,food-1223,food,75.51,61
1224,electronics-1224,electronics,76.88,68
1225,clothing-1225,clothing,78.25,75
1226,books-1226,books,79.62,82
1227,home-1227,home,80.99,89
1228,toys-1228,toys,82.36,96
1229,food-1229,food,83.73,103
1230,electronics-1230,electronics,85.10,110
1231,clothing-1231,clothing,86.47,117
1232,books-1232,books,87.84,124
1233,home-1233,home,89.21,131
1234,toys-1234,toys,90.58,138
1235,food-1235,food,91.95,145
1236,electronics-1236,electronics,93.32,152
1237,clothing-1237,clothing,94.69,159
1238,books-1238,books,96.06,166
1239,home-1239,home,97.43,173
1240,toys-1240,toys,98.80,180
1241,food-1241,food,0.17,187
1242,electronics-1242,electronics,1.54,194
1243,clothing-1243,clothing,2.91,201
1244,books-1244,books,4.28,208
1245,home-1245,home,5.65,215
1246,toys-1246,toys,7.02,222
1247,food-1247,food,8.39,229
1248,electronics-1248,electronics,9.76,236
1249,clothing-1249,clothing,11.13,243
1250,books-1250,books,12.50,250
1251,home-1251,home,13.87,257
1252,toys-1252,toys,15.24,264
1253,food-1253,food,16.61,271
1254,electronics-1254,electronics,17.98,278
1255,clothing-1255,clothing,19.35,285
1256,books-1256,books,20.72,292
1257,home-1257,home,22.09,299
1258,toys-1258,toys,23.46,306
1259,food-1259,food,24.83,313
1260,electronics-1260,electronics,26.20,320
1261,clothing-1261,clothing,27.57,327
1262,books-1262,books,28.94,334
1263,home-1263,home,30.31,341
1264,toys-1264,toys,31.68,348
1265,food-1265,food,33.05,355
1266,electronics-1266,electronics,34.42,362
1267,clothing-1267,clothing,35.79,369
1268,books-1268,books,37.16,376
1269,home-1269,home,38.53,383
1270,toys-1270,toys,39.90,390
1271,food-1271,food,41.27,397
1272,electronics-1272,electronics,42.64,404
1273,clothing-1273,clothing,44.01,411
1274,books-1274,books,45.38,418
1275,home-1275,home,46.75,425
1276,toys-1276,toys,48.12,432
1277,food-1277,food,49.49,439
1278,electronics-1278,electronics,50.86,446
1279,clothing-1279,clothing,52.23,453
1280,books-1280,books,53.60,460
1281,home-1281,home,54.97,467
1282,toys-1282,toys,56.34,474
1283,food-1283,food,57.71,481
1284,electronics-1284,electronics,59.08,488
1285,clothing-1285,clothing,60.45,495
1286,books-1286,books,61.82,2
1287,home-1287,home,63.19,9
1288,toys-1288,toys,64.56,16
1289,food-1289,food,65.93,23
1290,electronics-1290,electronics,67.30,30
1291,clothing-1291,clothing,68.67,37
1292,books-1292,books,70.04,44
1293,home-1293,home,71.41,51
1294,toys-1294,toys,72.78,58
1295,food-1295,food,74.15,65
1296,electronics-1296,electronics,75.52,72
1297,clothing-1297,clothing,76.89,79
1298,books-1298,books,78.26,86
1299,home-1299,home,79.63,93
1300,toys-1300,toys,81.00,100
1301,food-1301,food,82.37,107
1302,electronics-1302,electronics,83.74,114
1303,clothing-1303,clothing,85.11,121
1304,books-1304,books,86.48,128
1305,home-1305,home,87.85,135
1306,toys-1306,toys,89.22,142
1307,food-1307,food,90.59,149
1308,electronics-1308,electronics,91.96,156
1309,clothing-1309,clothing,93.33,163
1310,books-1310,books,94.70,170
1311,home-1311,home,96.07,177
1312,toys-1312,toys,97.44,184
1313,food-1313,food,98.81,191
1314,electronics-1314,electronics,0.18,198
1315,clothing-1315,clothing,1.55,205
1316,books-1316,books,2.92,212
1317,home-1317,home,4.29,219
1318,toys-1318,toys,5.66,226
1319,food-1319,food,7.03,233
1320,electronics-1320,electronics,8.40,240
1321,clothing-1321,clothing,9.77,247
1322,books-1322,books,11.14,254
1323,home-1323,home,12.51,261
1324,toys-1324,toys,13.88,268
1325,food-1325,food,15.25,275
1326,electronics-1326,electronics,16.62,282
1327,clothing-1327,clothing,17.99,289
1328,books-1328,books,19.36,296
1329,home-1329,home,20.73,303
1330,toys-1330,toys,22.10,310
1331,food-1331,food,23.47,317
1332,electronics-1332,electronics,24.84,324
1333,clothing-1333,clothing,26.21,331
1334,books-1334,books,27.58,338
1335,home-1335,home,28.95,345
1336,toys-1336,toys,30.32,352
1337,food-1337,food,31.69,359
1338,electronics-1338,electronics,33.06,366
1339,clothing-1339,clothing,34.43,373
1340,books-1340,books,35.80,380
1341,home-1341,home,37.17,387
1342,toys-1342,toys,38.54,394
1343,food-1343,food,39.91,401
1344,electronics-1344,electronics,41.28,408
1345,clothing-1345,clothing,42.65,415
1346,books-1346,books,44.02,422
1347,home-1347,home,45.39,429
1348,toys-1348,toys,46.76,436
1349,food-1349,food,48.13,443
1350,electronics-1350,electronics,49.50,450
1351,clothing-1351,clothing,50.87,457
1352,books-1352,books,52.24,464
1353,home-1353,home,53.61,471
1354,toys-1354,toys,54.98,478
1355,food-1355,food,56.35,485
1356,electronics-1356,electronics,57.72,492
1357,clothing-1357,clothing,59.09,499
1358,books-1358,books,60.46,6
1359,home-1359,home,61.83,13
1360,toys-1360,toys,63.20,20
1361,food-1361,food,64.57,27
1362,electronics-1362,electronics,65.94,34
1363,clothing-1363,clothing,67.31,41
1364,books-1364,books,68.68,48
1365,home-1365,home,70.05,55
1366,toys-1366,toys,71.42,62
1367,food-1367,food,72.79,69
1368,electronics-1368,electronics,74.16,76
1369,clothing-1369,clothing,75.53,83
1370,books-1370,books,76.90,90
1371,home-1371,home,78.27,97
1372,toys-1372,toys,79.64,104
1373,food-1373,food,81.01,111
1374,electronics-1374,electronics,82.38,118
1375,clothing-1375,clothing,83.75,125
1376,books-1376,books,85.12,132
1377,home-1377,home,86.49,139
1378,toys-1378,toys,87.86,146
1379,food-1379,food,89.23,153
1380,electronics-1380,electronics,90.60,160
1381,clothing-1381,clothing,91.97,167
1382,books-1382,books,93.34,174
1383,home-1383,home,94.71,181
1384,toys-1384,toys,96.08,188
1385,food-1385,food,97.45,195
1386,electronics-1386,electronics,98.82,202
1387,clothing-1387,clothing,0.19,209
1388,books-1388,books,1.56,216
1389,home-1389,home,2.93,223
1390,toys-1390,toys,4.30,230
1391,food-1391,food,5.67,237
1392,electronics-1392,electronics,7.04,244
1393,clothing-1393,clothing,8.41,251
1394,books-1394,books,9.78,258
1395,home-1395,home,11.15,265
1396,toys-1396,toys,12.52,272
1397,food-1397,food,13.89,279
1398,electronics-1398,electronics,15.26,286
1399,clothing-1399,clothing,16.63,293
1400,books-1400,books,18.00,300
1401,home-1401,home,19.37,307
1402,toys-1402,toys,20.74,314
1403,food-1403,food,22.11,321
1404,electronics-1404,electronics,23.48,328
1405,clothing-1405,clothing,24.85,335
1406,books-1406,books,26.22,342
1407,home-1407,home,27.59,349
1408,toys-1408,toys,28.96,356
1409,food-1409,food,30.33,363
1410,electronics-1410,electronics,31.70,370
1411,clothing-1411,clothing,33.07,377
1412,books-1412,books,34.44,384
1413,home-1413,home,35.81,391
1414,toys-1414,toys,37.18,398
1415,food-1415,food,38.55,405
1416,electronics-1416,electronics,39.92,412
1417,clothing-1417,clothing,41.29,419
1418,books-1418,books,42.66,426
1419,home-1419,home,44.03,433
1420,toys-1420,toys,45.40,440
1421,food-1421,food,46.77,447
1422,electronics-1422,electronics,48.14,454
1423,clothing-1423,clothing,49.51,461
1424,books-1424,books,50.88,468
1425,home-1425,home,52.25,475
1426,toys-1426,toys,53.62,482
1427,food-1427,food,54.99,489
1428,electronics-1428,electronics,56.36,496
1429,clothing-1429,clothing,57.73,3
1430,books-1430,books,59.10,10
1431,home-1431,home,60.47,17
1432,toys-1432,toys,61.84,24
1433,food-1433,food,63.21,31
1434,electronics-1434,electronics,64.58,38
1435,clothing-1435,clothing,65.95,45
1436,books-1436,books,67.32,52
1437,home-1437,home,68.69,59
1438,toys-1438,toys,70.06,66
1439,food-1439,food,71.43,73
1440,electronics-1440,electronics,72.80,80
1441,clothing-1441,clothing,74.17,87
1442,books-1442,books,75.54,94
1443,home-1443,home,76.91,101
1444,toys-1444,toys,78.28,108
1445,food-1445,food,79.65,115
1446,electronics-1446,electronics,81.02,122
1447,clothing-1447,clothing,82.39,129
1448,books-1448,books,83.76,136
1449,home-1449,home,85.13,143
1450,toys-1450,toys,86.50,150
1451,food-1451,food,87.87,157
1452,electronics-1452,electronics,89.24,164
1453,clothing-1453,clothing,90.61,171
1454,books-1454,books,91.98,178
1455,home-1455,home,93.35,185
1456,toys-1456,toys,94.72,192
1457,food-1457,food,96.09,199
1458,electronics-1458,electronics,97.46,206
1459,clothing-1459,clothing,98.83,213
1460,books-1460,books,0.20,220
1461,home-1461,home,1.57,227
1462,toys-1462,toys,2.94,234
1463,food-1463,food,4.31,241
1464,electronics-1464,electronics,5.68,248
1465,clothing-1465,clothing,7.05,255
1466,books-1466,books,8.42,262
1467,home-1467,home,9.79,269
1468,toys-1468,toys,11.16,276
1469,food-1469,food,12.53,283
1470,electronics-1470,electronics,13.90,290
1471,clothing-1471,clothing,15.27,297
1472,books-1472,books,16.64,304
1473,home-1473,home,18.01,311
1474,toys-1474,toys,19.38,318
1475,food-1475,food,20.75,325
1476,electronics-1476,electronics,22.12,332
1477,clothing-1477,clothing,23.49,339
1478,books-1478,books,24.86,346
1479,home-1479,home,26.23,353
1480,toys-1480,toys,27.60,360
1481,food-1481,food,28.97,367
1482,electronics-1482,electronics,30.34,374
1483,clothing-1483,clothing,31.71,381
1484,books-1484,books,33.08,388
1485,home-1485,home,34.45,395
1486,toys-1486,toys,35.82,402
1487,food-1487,food,37.19,409
1488,electronics-1488,electronics,38.56,416
1489,clothing-1489,clothing,39.93,423
1490,books-1490,books,41.30,430
1491,home-1491,home,42.67,437
1492,toys-1492,toys,44.04,444
1493,food-1493,food,45.41,451
1494,electronics-1494,electronics,46.78,458
1495,clothing-1495,clothing,48.15,465
1496,books-1496,books,49.52,472
1497,home-1497,home,50.89,479
1498,toys-1498,toys,52.26,486
1499,food-1499,food,53.63,493
1500,electronics-1500,electronics,55.00,0
1501,clothing-1501,clothing,56.37,7
1502,books-1502,books,57.74,14
1503,home-1503,home,59.11,21
1504,toys-1504,toys,60.48,28
1505,food-1505,food,61.85,35
1506,electronics-1506,electronics,63.22,42
1507,clothing-1507,clothing,64.59,49
1508,books-1508,books,65.96,56
1509,home-1509,home,67.33,63
1510,toys-1510,toys,68.70,70
1511,food-1511,food,70.07,77
1512,electronics-1512,electronics,71.44,84
1513,clothing-1513,clothing,72.81,91
1514,books-1514,books,74.18,98
1515,home-1515,home,75.55,105
1516,toys-1516,toys,76.92,112
1517,food-1517,food,78.29,119
1518,electronics-1518,electronics,79.66,126
1519,clothing-1519,clothing,81.03,133
1520,books-1520,books,82.40,140
1521,home-1521,home,83.77,147
1522,toys-1522,toys,85.14,154
1523,food-1523,food,86.51,161
1524,electronics-1524,electronics,87.88,168
1525,clothing-1525,clothing,89.25,175
1526,books-1526,books,90.62,182
1527,home-1527,home,91.99,189
1528,toys-1528,toys,93.36,196
1529,food-1529,food,94.73,203
1530,electronics-1530,electronics,96.10,210
1531,clothing-1531,clothing,97.47,217
1532,books-1532,books,98.84,224
1533,home-1533,home,0.21,231
1534,toys-1534,toys,1.58,238
1535,food-1535,food,2.95,245
1536,electronics-1536,electronics,4.32,252
1537,clothing-1537,clothing,5.69,259
1538,books-1538,books,7.06,266
1539,home-1539,home,8.43,273
1540,toys-1540,toys,9.80,280
1541,food-1541,food,11.17,287
1542,electronics-1542,electronics,12.54,294
1543,clothing-1543,clothing,13.91,301
1544,books-1544,books,15.28,308
1545,home-1545,home,16.65,315
1546,toys-1546,toys,18.02,322
1547,food-1547,food,19.39,329
1548,electronics-1548,electronics,20.76,336
1549,clothing-1549,clothing,22.13,343
1550,books-1550,books,23.50,350
1551,home-1551,home,24.87,357
1552,toys-1552,toys,26.24,364
1553,food-1553,food,27.61,371
1554,electronics-1554,electronics,28.98,378
1555,clothing-1555,clothing,30.35,385
1556,books-1556,books,31.72,392
1557,home-1557,home,33.09,399
1558,toys-1558,toys,34.46,406
1559,food-1559,food,35.83,413
1560,electronics-1560,electronics,37.20,420
1561,clothing-1561,clothing,38.57,427
1562,books-1562,books,39.94,434
1563,home-1563,home,41.31,441
1564,toys-1564,toys,42.68,448
1565,food-1565,food,44.05,455
1566,electronics-1566,electronics,45.42,462
1567,clothing-1567,clothing,46.79,469
1568,books-1568,books,48.16,476
1569,home-1569,home,49.53,483
1570,toys-1570,toys,50.90,490
1571,food-1571,food,52.27,497
1572,electronics-1572,electronics,53.64,4
1573,clothing-1573,clothing,55.01,11
1574,books-1574,books,56.38,18
1575,home-1575,home,57.75,25
1576,toys-1576,toys,59.12,32
1577,food-1577,food,60.49,39
1578,electronics-1578,electronics,61.86,46
1579,clothing-1579,clothing,63.23,53
1580,books-1580,books,64.60,60
1581,home-1581,home,65.97,67
1582,toys-1582,toys,67.34,74
1583,food-1583,food,68.71,81
1584,electronics-1584,electronics,70.08,88
1585,clothing-1585,clothing,71.45,95
1586,books-1586,books,72.82,102
1587,home-1587,home,74.19,109
1588,toys-1588,toys,75.56,116
1589,food-1589,food,76.93,123
1590,electronics-1590,electronics,78.30,130
1591,clothing-1591,clothing,79.67,137
1592,books-1592,books,81.04,144
1593,home-1593,home,82.41,151
1594,toys-1594,toys,83.78,158
1595,food-1595,food,85.15,165
1596,electronics-1596,electronics,86.52,172
1597,clothing-1597,clothing,87.89,179
1598,books-1598,books,89.26,186
1599,home-1599,home,90.63,193
1600,toys-1600,toys,92.00,200
1601,food-1601,food,93.37,207
1602,electronics-1602,electronics,94.74,214
1603,clothing-1603,clothing,96.11,221
1604,books-1604,books,97.48,228
1605,home-1605,home,98.85,235
1606,toys-1606,toys,0.22,242
1607,food-1607,food,1.59,249
1608,electronics-1608,electronics,2.96,256
1609,clothing-1609,clothing,4.33,263
1610,books-1610,books,5.70,270
1611,home-1611,home,7.07,277
1612,toys-1612,toys,8.44,284
1613,food-1613,food,9.81,291
1614,electronics-1614,electronics,11.18,298
1615,clothing-1615,clothing,12.55,305
1616,books-1616,books,13.92,312
1617,home-1617,home,15.29,319
1618,toys-1618,toys,16.66,326
1619,food-1619,food,18.03,333
1620,electronics-1620,electronics,19.40,340
1621,clothing-1621,clothing,20.77,347
1622,books-1622,books,22.14,354
1623,home-1623,home,23.51,361
1624,toys-1624,toys,24.88,368
1625,food-1625,food,26.25,375
1626,electronics-1626,electronics,27.62,382
1627,clothing-1627,clothing,28.99,389
1628,books-1628,books,30.36,396
1629,home-1629,home,31.73,403
1630,toys-1630,toys,33.10,410
1631,food-1631,food,34.47,417
1632,electronics-1632,electronics,35.84,424
1633,clothing-1633,clothing,37.21,431
1634,books-1634,books,38.58,438
1635,home-1635,home,39.95,445
1636,toys-1636,toys,41.32,452
1637,food-1637,food,42.69,459
1638,electronics-1638,electronics,44.06,466
1639,clothing-1639,clothing,45.43,473
1640,books-1640,books,46.80,480
1641,home-1641,home,48.17,487
1642,toys-1642,toys,49.54,494
1643,food-1643,food,50.91,1
1644,electronics-1644,electronics,52.28,8
1645,clothing-1645,clothing,53.65,15
1646,books-1646,books,55.02,22
1647,home-1647,home,56.39,29
1648,toys-1648,toys,57.76,36
1649,food-1649,food,59.13,43
1650,electronics-1650,electronics,60.50,50
1651,clothing-1651,clothing,61.87,57
1652,books-1652,books,63.24,64
1653,home-1653,home,64.61,71
1654,toys-1654,toys,65.98,78
1655,food-1655,food,67.35,85
1656,electronics-1656,electronics,68.72,92
1657,clothing-1657,clothing,70.09,99
1658,books-1658,books,71.46,106
1659,home-1659,home,72.83,113
1660,toys-1660,toys,74.20,120
1661,food-1661,food,75.57,127
1662,electronics-1662,electronics,76.94,134
1663,clothing-1663,clothing,78.31,141
1664,books-1664,books,79.68,148
1665,home-1665,home,81.05,155
1666,toys-1666,toys,82.42,162
1667,food-1667,food,83.79,169
1668,electronics-1668,electronics,85.16,176
1669,clothing-1669,clothing,86.53,183
1670,books-1670,books,87.90,190
1671,home-1671,home,89.27,197
1672,toys-1672,toys,90.64,204
1673,food-1673,food,92.01,211
1674,electronics-1674,electronics,93.38,218
1675,clothing-1675,clothing,94.75,225
1676,books-1676,books,96.12,232
1677,home-1677,home,97.49,239
1678,toys-1678,toys,98.86,246
1679,food-1679,food,0.23,253
1680,electronics-1680,electronics,1.60,260
1681,clothing-1681,clothing,2.97,267
1682,books-1682,books,4.34,274
1683,home-1683,home,5.71,281
1684,toys-1684,toys,7.08,288
1685,food-1685,food,8.45,295
1686,electronics-1686,electronics,9.82,302
1687,clothing-1687,clothing,11.19,309
1688,books-1688,books,12.56,316
1689,home-1689,home,13.93,323
1690,toys-1690,toys,15.30,330
1691,food-1691,food,16.67,337
1692,electronics-1692,electronics,18.04,344
1693,clothing-1693,clothing,19.41,351
1694,books-1694,books,20.78,358
1695,home-1695,home,22.15,365
1696,toys-1696,toys,23.52,372
1697,food-1697,food,24.89,379
1698,electronics-1698,electronics,26.26,386
1699,clothing-1699,clothing,27.63,393
1700,books-1700,books,29.00,400
1701,home-1701,home,30.37,407
1702,toys-1702,toys,31.74,414
1703,food-1703,food,33.11,421
1704,electronics-1704,electronics,34.48,428
1705,clothing-1705,clothing,35.85,435
1706,books-1706,books,37.22,442
1707,home-1707,home,38.59,449
1708,toys-1708,toys,39.96,456
1709,food-1709,food,41.33,463
1710,electronics-1710,electronics,42.70,470
1711,clothing-1711,clothing,44.07,477
1712,books-1712,books,45.44,484
1713,home-1713,home,46.81,491
1714,toys-1714,toys,48.18,498
1715,food-1715,food,49.55,5
1716,electronics-1716,electronics,50.92,12
1717,clothing-1717,clothing,52.29,19
1718,books-1718,books,53.66,26
1719,home-1719,home,55.03,33
1720,toys-1720,toys,56.40,40
1721,food-1721,food,57.77,47
1722,electronics-1722,electronics,59.14,54
1723,clothing-1723,clothing,60.51,61
1724,books-1724,books,61.88,68
1725,home-1725,home,63.25,75
1726,toys-1726,toys,64.62,82
1727,food-1727,food,65.99,89
1728,electronics-1728,electronics,67.36,96
1729,clothing-1729,clothing,68.73,103
1730,books-1730,books,70.10,110
1731,home-1731,home,71.47,117
1732,toys-1732,toys,72.84,124
1733,food-1733,food,74.21,131
1734,electronics-1734,electronics,75.58,138
1735,clothing-1735,clothing,76.95,145
1736,books-1736,books,78.32,152
1737,home-1737,home,79.69,159
1738,toys-1738,toys,81.06,166
1739,food-1739,food,82.43,173
1740,electronics-1740,electronics,83.80,180
1741,clothing-1741,clothing,85.17,187
1742,books-1742,books,86.54,194
1743,home-1743,home,87.91,201
1744,toys-1744,toys,89.28,208
1745,food-1745,food,90.65,215
1746,electronics-1746,electronics,92.02,222
1747,clothing-1747,clothing,93.39,229
1748,books-1748,books,94.76,236
1749,home-1749,home,96.13,243
1750,toys-1750,toys,97.50,250
1751,food-1751,food,98.87,257
1752,electronics-1752,electronics,0.24,264
1753,clothing-1753,clothing,1.61,271
1754,books-1754,books,2.98,278
1755,home-1755,home,4.35,285
1756,toys-1756,toys,5.72,292
1757,food-1757,food,7.09,299
1758,electronics-1758,electronics,8.46,306
1759,clothing-1759,clothing,9.83,313
1760,books-1760,books,11.20,320
1761,home-1761,home,12.57,327
1762,toys-1762,toys,13.94,334
1763,food-1763,food,15.31,341
1764,electronics-1764,electronics,16.68,348
1765,clothing-1765,clothing,18.05,355
1766,books-1766,books,19.42,362
1767,home-1767,home,20.79,369
1768,toys-1768,toys,22.16,376
1769,food-1769,food,23.53,383
1770,electronics-1770,electronics,24.90,390
1771,clothing-1771,clothing,26.27,397
1772,books-1772,books,27.64,404
1773,home-1773,home,29.01,411
1774,toys-1774,toys,30.38,418
1775,food-1775,food,31.75,425
1776,electronics-1776,electronics,33.12,432
1777,clothing-1777,clothing,34.49,439
1778,books-1778,books,35.86,446
1779,home-1779,home,37.23,453
1780,toys-1780,toys,38.60,460
1781,food-1781,food,39.97,467
1782,electronics-1782,electronics,41.34,474
1783,clothing-1783,clothing,42.71,481
1784,books-1784,books,44.08,488
1785,home-1785,home,45.45,495
1786,toys-1786,toys,46.82,2
1787,food-1787,food,48.19,9
1788,electronics-1788,electronics,49.56,16
1789,clothing-1789,clothing,50.93,23
1790,books-1790,books,52.30,30
1791,home-1791,home,53.67,37
1792,toys-1792,toys,55.04,44
1793,food-1793,food,56.41,51
1794,electronics-1794,electronics,57.78,58
1795,clothing-1795,clothing,59.15,65
1796,books-1796,books,60.52,72
1797,home-1797,home,61.89,79
1798,toys-1798,toys,63.26,86
1799,food-1799,food,64.63,93
1800,electronics-1800,electronics,66.00,100
1801,clothing-1801,clothing,67.37,107
1802,books-1802,books,68.74,114
1803,home-1803,home,70.11,121
1804,toys-1804,toys,71.48,128
1805,food-1805,food,72.85,135
1806,electronics-1806,electronics,74.22,142
1807,clothing-1807,clothing,75.59,149
1808,books-1808,books,76.96,156
1809,home-1809,home,78.33,163
1810,toys-1810,toys,79.70,170
1811,food-1811,food,81.07,177
1812,electronics-1812,electronics,82.44,184
1813,clothing-1813,clothing,83.81,191
1814,books-1814,books,85.18,198
1815,home-1815,home,86.55,205
1816,toys-1816,toys,87.92,212
1817,food-1817,food,89.29,219
1818,electronics-1818,electronics,90.66,226
1819,clothing-1819,clothing,92.03,233
1820,books-1820,books,93.40,240
1821,home-1821,home,94.77,247
1822,toys-1822,toys,96.14,254
1823,food-1823,food,97.51,261
1824,electronics-1824,electronics,98.88,268
1825,clothing-1825,clothing,0.25,275
1826,books-1826,books,1.62,282
1827,home-1827,home,2.99,289
1828,toys-1828,toys,4.36,296
1829,food-1829,food,5.73,303
1830,electronics-1830,electronics,7.10,310
1831,clothing-1831,clothing,8.47,317
1832,books-1832,books,9.84,324
1833,home-1833,home,11.21,331
1834,toys-1834,toys,12.58,338
1835,food-1835,food,13.95,345
1836,electronics-1836,electronics,15.32,352
1837,clothing-1837,clothing,16.69,359
1838,books-1838,books,18.06,366
1839,home-1839,home,19.43,373
1840,toys-1840,toys,20.80,380
1841,food-1841,food,22.17,387
1842,electronics-1842,electronics,23.54,394
1843,clothing-1843,clothing,24.91,401
1844,books-1844,books,26.28,408
1845,home-1845,home,27.65,415
1846,toys-1846,toys,29.02,422
1847,food-1847,food,30.39,429
1848,electronics-1848,electronics,31.76,436
1849,clothing-1849,clothing,33.13,443
1850,books-1850,books,34.50,450
1851,home-1851,home,35.87,457
1852,toys-1852,toys,37.24,464
1853,food-1853,food,38.61,471
1854,electronics-1854,electronics,39.98,478
1855,clothing-1855,clothing,41.35,485
1856,books-1856,books,42.72,492
1857,home-1857,home,44.09,499
1858,toys-1858,toys,45.46,6
1859,food-1859,food,46.83,13
1860,electronics-1860,electronics,48.20,20
1861,clothing-1861,clothing,49.57,27
1862,books-1862,books,50.94,34
1863,home-1863,home,52.31,41
1864,toys-1864,toys,53.68,48
1865,food-1865,food,55.05,55
1866,electronics-1866,electronics,56.42,62
1867,clothing-1867,clothing,57.79,69
1868,books-1868,books,59.16,76
1869,home-1869,home,60.53,83
1870,toys-1870,toys,61.90,90
1871,food-1871,food,63.27,97
1872,electronics-1872,electronics,64.64,104
1873,clothing-1873,clothing,66.01,111
1874,books-1874,books,67.38,118
1875,home-1875,home,68.75,125
1876,toys-1876,toys,70.12,132
1877,food-1877,food,71.49,139
1878,electronics-1878,electronics,72.86,146
1879,clothing-1879,clothing,74.23,153
1880,books-1880,books,75.60,160
1881,home-1881,home,76.97,167
1882,toys-1882,toys,78.34,174
1883,food-1883,food,79.71,181
1884,electronics-1884,electronics,81.08,188
1885,clothing-1885,clothing,82.45,195
1886,books-1886,books,83.82,202
1887,home-1887,home,85.19,209
1888,toys-1888,toys,86.56,216
1889,food-1889,food,87.93,223
1890,electronics-1890,electronics,89.30,230
1891,clothing-1891,clothing,90.67,237
1892,books-1892,books,92.04,244
1893,home-1893,home,93.41,251
1894,toys-1894,toys,94.78,258
1895,food-1895,food,96.15,265
1896,electronics-1896,electronics,97.52,272
1897,clothing-1897,clothing,98.89,279
1898,books-1898,books,0.26,286
1899,home-1899,home,1.63,293
1900,toys-1900,toys,3.00,300
1901,food-1901,food,4.37,307
1902,electronics-1902,electronics,5.74,314
1903,clothing-1903,clothing,7.11,321
1904,books-1904,books,8.48,328
1905,home-1905,home,9.85,335
1906,toys-1906,toys,11.22,342
1907,food-1907,food,12.59,349
1908,electronics-1908,electronics,13.96,356
1909,clothing-1909,clothing,15.33,363
1910,books-1910,books,16.70,370
1911,home-1911,home,18.07,377
1912,toys-1912,toys,19.44,384
1913,food-1913,food,20.81,391
1914,electronics-1914,electronics,22.18,398
1915,clothing-1915,clothing,23.55,405
1916,books-1916,books,24.92,412
1917,home-1917,home,26.29,419
1918,toys-1918,toys,27.66,426
1919,food-1919,food,29.03,433
1920,electronics-1920,electronics,30.40,440
1921,clothing-1921,clothing,31.77,447
1922,books-1922,books,33.14,454
1923,home-1923,home,34.51,461
1924,toys-1924,toys,35.88,468
1925,food-1925,food,37.25,475
1926,electronics-1926,electronics,38.62,482
1927,clothing-1927,clothing,39.99,489
1928,books-1928,books,41.36,496
1929,home-1929,home,42.73,3
1930,toys-1930,toys,44.10,10
1931,food-1931,food,45.47,17
1932,electronics-1932,electronics,46.84,24
1933,clothing-1933,clothing,48.21,31
1934,books-1934,books,49.58,38
1935,home-1935,home,50.95,45
1936,toys-1936,toys,52.32,52
1937,food-1937,food,53.69,59
1938,electronics-1938,electronics,55.06,66
1939,clothing-1939,clothing,56.43,73
1940,books-1940,books,57.80,80
1941,home-1941,home,59.17,87
1942,toys-1942,toys,60.54,94
1943,food-1943,food,61.91,101
1944,electronics-1944,electronics,63.28,108
1945,clothing-1945,clothing,64.65,115
1946,books-1946,books,66.02,122
1947,home-1947,home,67.39,129
1948,toys-1948,toys,68.76,136
1949,food-1949,food,70.13,143
1950,electronics-1950,electronics,71.50,150
1951,clothing-1951,clothing,72.87,157
1952,books-1952,books,74.24,164
1953,home-1953,home,75.61,171
1954,toys-1954,toys,76.98,178
1955,food-1955,food,78.35,185
1956,electronics-1956,electronics,79.72,192
1957,clothing-1957,clothing,81.09,199
1958,books-1958,books,82.46,206
1959,home-1959,home,83.83,213
1960,toys-1960,toys,85.20,220
1961,food-1961,food,86.57,227
1962,electronics-1962,electronics,87.94,234
1963,clothing-1963,clothing,89.31,241
1964,books-1964,books,90.68,248
1965,home-1965,home,92.05,255
1966,toys-1966,toys,93.42,262
1967,food-1967,food,94.79,269
1968,electronics-1968,electronics,96.16,276
1969,clothing-1969,clothing,97.53,283
1970,books-1970,books,98.90,290
1971,home-1971,home,0.27,297
1972,toys-1972,toys,1.64,304
1973,food-1973,food,3.01,311
1974,electronics-1974,electronics,4.38,318
1975,clothing-1975,clothing,5.75,325
1976,books-1976,books,7.12,332
1977,home-1977,home,8.49,339
1978,toys-1978,toys,9.86,346
1979,food-1979,food,11.23,353
1980,electronics-1980,electronics,12.60,360
1981,clothing-1981,clothing,13.97,367
1982,books-1982,books,15.34,374
1983,home-1983,home,16.71,381
1984,toys-1984,toys,18.08,388
1985,food-1985,food,19.45,395
1986,electronics-1986,electronics,20.82,402
1987,clothing-1987,clothing,22.19,409
1988,books-1988,books,23.56,416
1989,home-1989,home,24.93,423
1990,toys-1990,toys,26.30,430
1991,food-1991,food,27.67,437
1992,electronics-1992,electronics,29.04,444
1993,clothing-1993,clothing,30.41,451
1994,books-1994,books,31.78,458
1995,home-1995,home,33.15,465
1996,toys-1996,toys,34.52,472
1997,food-1997,food,35.89,479
1998,electronics-1998,electronics,37.26,486
1999,clothing-1999,clothing,38.63,493
2000,books-2000,books,40.00,0
2001,home-2001,home,41.37,7
2002,toys-2002,toys,42.74,14
2003,food-2003,food,44.11,21
2004,electronics-2004,electronics,45.48,28
2005,clothing-2005,clothing,46.85,35
2006,books-2006,books,48.22,42
2007,home-2007,home,49.59,49
2008,toys-2008,toys,50.96,56
2009,food-2009,food,52.33,63
2010,electronics-2010,electronics,53.70,70
2011,clothing-2011,clothing,55.07,77
2012,books-2012,books,56.44,84
2013,home-2013,home,57.81,91
2014,toys-2014,toys,59.18,98
2015,food-2015,food,60.55,105
2016,electronics-2016,electronics,61.92,112
2017,clothing-2017,clothing,63.29,119
2018,books-2018,books,64.66,126
2019,home-2019,home,66.03,133
2020,toys-2020,toys,67.40,140
2021,food-2021,food,68.77,147
2022,electronics-2022,electronics,70.14,154
2023,clothing-2023,clothing,71.51,161
2024,books-2024,books,72.88,168
2025,home-2025,home,74.25,175
2026,toys-2026,toys,75.62,182
2027,food-2027,food,76.99,189
2028,electronics-2028,electronics,78.36,196
2029,clothing-2029,clothing,79.73,203
2030,books-2030,books,81.10,210
2031,home-2031,home,82.47,217
2032,toys-2032,toys,83.84,224
2033,food-2033,food,85.21,231
2034,electronics-2034,electronics,86.58,238
2035,clothing-2035,clothing,87.95,245
2036,books-2036,books,89.32,252
2037,home-2037,home,90.69,259
2038,toys-2038,toys,92.06,266
2039,food-2039,food,93.43,273
2040,electronics-2040,electronics,94.80,280
2041,clothing-2041,clothing,96.17,287
2042,books-2042,books,97.54,294
2043,home-2043,home,98.91,301
2044,toys-2044,toys,0.28,308
2045,food-2045,food,1.65,315
2046,electronics-2046,electronics,3.02,322
2047,clothing-2047,clothing,4.39,329
2048,books-2048,books,5.76,336
2049,home-2049,home,7.13,343
2050,toys-2050,toys,8.50,350
2051,food-2051,food,9.87,357
2052,electronics-2052,electronics,11.24,364
2053,clothing-2053,clothing,12.61,371
2054,books-2054,books,13.98,378
2055,home-2055,home,15.35,385
2056,toys-2056,toys,16.72,392
2057,food-2057,food,18.09,399
2058,electronics-2058,electronics,19.46,406
2059,clothing-2059,clothing,20.83,413
2060,books-2060,books,22.20,420
2061,home-2061,home,23.57,427
2062,toys-2062,toys,24.94,434
2063,food-2063,food,26.31,441
2064,electronics-2064,electronics,27.68,448
2065,clothing-2065,clothing,29.05,455
2066,books-2066,books,30.42,462
2067,home-2067,home,31.79,469
2068,toys-2068,toys,33.16,476
2069,food-2069,food,34.53,483
2070,electronics-2070,electronics,35.90,490
2071,clothing-2071,clothing,37.27,497
2072,books-2072,books,38.64,4
2073,home-2073,home,40.01,11
2074,toys-2074,toys,41.38,18
2075,food-2075,food,42.75,25
2076,electronics-2076,electronics,44.12,32
2077,clothing-2077,clothing,45.49,39
2078,books-2078,books,46.86,46
2079,home-2079,home,48.23,53
2080,toys-2080,toys,49.60,60
2081,food-2081,food,50.97,67
2082,electronics-2082,electronics,52.34,74
2083,clothing-2083,clothing,53.71,81
2084,books-2084,books,55.08,88
2085,home-2085,home,56.45,95
2086,toys-2086,toys,57.82,102
2087,food-2087,food,59.19,109
2088,electronics-2088,electronics,60.56,116
2089,clothing-2089,clothing,61.93,123
2090,books-2090,books,63.30,130
2091,home-2091,home,64.67,137
2092,toys-2092,toys,66.04,144
2093,food-2093,food,67.41,151
2094,electronics-2094,electronics,68.78,158
2095,clothing-2095,clothing,70.15,165
2096,books-2096,books,71.52,172
2097,home-2097,home,72.89,179
2098,toys-2098,toys,74.26,186
2099,food-2099,food,75.63,193
2100,electronics-2100,electronics,77.00,200
2101,clothing-2101,clothing,78.37,207
2102,books-2102,books,79.74,214
2103,home-2103,home,81.11,221
2104,toys-2104,toys,82.48,228
2105,food-2105,food,83.85,235
2106,electronics-2106,electronics,85.22,242
2107,clothing-2107,clothing,86.59,249
2108,books-2108,books,87.96,256
2109,home-2109,home,89.33,263
2110,toys-2110,toys,90.70,270
2111,food-2111,food,92.07,277
2112,electronics-2112,electronics,93.44,284
2113,clothing-2113,clothing,94.81,291
2114,books-2114,books,96.18,298
2115,home-2115,home,97.55,305
2116,toys-2116,toys,98.92,312
2117,food-2117,food,0.29,319
2118,electronics-2118,electronics,1.66,326
2119,clothing-2119,clothing,3.03,333
2120,books-2120,books,4.40,340
2121,home-2121,home,5.77,347
2122,toys-2122,toys,7.14,354
2123,food-2123,food,8.51,361
2124,electronics-2124,electronics,9.88,368
2125,clothing-2125,clothing,11.25,375
2126,books-2126,books,12.62,382
2127,home-2127,home,13.99,389
2128,toys-2128,toys,15.36,396
2129,food-2129,food,16.73,403
2130,electronics-2130,electronics,18.10,410
2131,clothing-2131,clothing,19.47,417
2132,books-2132,books,20.84,424
2133,home-2133,home,22.21,431
2134,toys-2134,toys,23.58,438
2135,food-2135,food,24.95,445
2136,electronics-2136,electronics,26.32,452
2137,clothing-2137,clothing,27.69,459
2138,books-2138,books,29.06,466
2139,home-2139,home,30.43,473
2140,toys-2140,toys,31.80,480
2141,food-2141,food,33.17,487
2142,electronics-2142,electronics,34.54,494
2143,clothing-2143,clothing,35.91,1
2144,books-2144,books,37.28,8
2145,home-2145,home,38.65,15
2146,toys-2146,toys,40.02,22
2147,food-2147,food,41.39,29
2148,electronics-2148,electronics,42.76,36
2149,clothing-2149,clothing,44.13,43
2150,books-2150,books,45.50,50
2151,home-2151,home,46.87,57
2152,toys-2152,toys,48.24,64
2153,food-2153,food,49.61,71
2154,electronics-2154,electronics,50.98,78
2155,clothing-2155,clothing,52.35,85
2156,books-2156,books,53.72,92
2157,home-2157,home,55.09,99
2158,toys-2158,toys,56.46,106
2159,food-2159,food,57.83,113
2160,electronics-2160,electronics,59.20,120
2161,clothing-2161,clothing,60.57,127
2162,books-2162,books,61.94,134
2163,home-2163,home,63.31,141
2164,toys-2164,toys,64.68,148
2165,food-2165,food,66.05,155
2166,electronics-2166,electronics,67.42,162
2167,clothing-2167,clothing,68.79,169
2168,books-2168,books,70.16,176
2169,home-2169,home,71.53,183
2170,toys-2170,toys,72.90,190
2171,food-2171,food,74.27,197
2172,electronics-2172,electronics,75.64,204
2173,clothing-2173,clothing,77.01,211
2174,books-2174,books,78.38,218
2175,home-2175,home,79.75,225
2176,toys-2176,toys,81.12,232
2177,food-2177,food,82.49,239
2178,electronics-2178,electronics,83.86,246
2179,clothing-2179,clothing,85.23,253
2180,books-2180,books,86.60,260
2181,home-2181,home,87.97,267
2182,toys-2182,toys,89.34,274
2183,food-2183,food,90.71,281
2184,electronics-2184,electronics,92.08,288
2185,clothing-2185,clothing,93.45,295
2186,books-2186,books,94.82,302
2187,home-2187,home,96.19,309
2188,toys-2188,toys,97.56,316
2189,food-2189,food,98.93,323
2190,electronics-2190,electronics,0.30,330
2191,clothing-2191,clothing,1.67,337
2192,books-2192,books,3.04,344
2193,home-2193,home,4.41,351
2194,toys-2194,toys,5.78,358
2195,food-2195,food,7.15,365
2196,electronics-2196,electronics,8.52,372
2197,clothing-2197,clothing,9.89,379
2198,books-2198,books,11.26,386
2199,home-2199,home,12.63,393
2200,toys-2200,toys,14.00,400
2201,food-2201,food,15.37,407
2202,electronics-2202,electronics,16.74,414
2203,clothing-2203,clothing,18.11,421
2204,books-2204,books,19.48,428
2205,home-2205,home,20.85,435
2206,toys-2206,toys,22.22,442
2207,food-2207,food,23.59,449
2208,electronics-2208,electronics,24.96,456
2209,clothing-2209,clothing,26.33,463
2210,books-2210,books,27.70,470
2211,home-2211,home,29.07,477
2212,toys-2212,toys,30.44,484
2213,food-2213,food,31.81,491
2214,electronics-2214,electronics,33.18,498
2215,clothing-2215,clothing,34.55,5
2216,books-2216,books,35.92,12
2217,home-2217,home,37.29,19
2218,toys-2218,toys,38.66,26
2219,food-2219,food,40.03,33
2220,electronics-2220,electronics,41.40,40
2221,clothing-2221,clothing,42.77,47
2222,books-2222,books,44.14,54
2223,home-2223,home,45.51,61
2224,toys-2224,toys,46.88,68
2225,food-2225,food,48.25,75
2226,electronics-2226,electronics,49.62,82
2227,clothing-2227,clothing,50.99,89
2228,books-2228,books,52.36,96
2229,home-2229,home,53.73,103
2230,toys-2230,toys,55.10,110
2231,food-2231,food,56.47,117
2232,electronics-2232,electronics,57.84,124
2233,clothing-2233,clothing,59.21,131
2234,books-2234,books,60.58,138
2235,home-2235,home,61.95,145
2236,toys-2236,toys,63.32,152
2237,food-2237,food,64.69,159
2238,electronics-2238,electronics,66.06,166
2239,clothing-2239,clothing,67.43,173
2240,books-2240,books,68.80,180
2241,home-2241,home,70.17,187
2242,toys-2242,toys,71.54,194
2243,food-2243,food,72.91,201
2244,electronics-2244,electronics,74.28,208
2245,clothing-2245,clothing,75.65,215
2246,books-2246,books,77.02,222
2247,home-2247,home,78.39,229
2248,toys-2248,toys,79.76,236
2249,food-2249,food,81.13,243
2250,electronics-2250,electronics,82.50,250
2251,clothing-2251,clothing,83.87,257
2252,books-2252,books,85.24,264
2253,home-2253,home,86.61,271
2254,toys-2254,toys,87.98,278
2255,food-2255,food,89.35,285
2256,electronics-2256,electronics,90.72,292
2257,clothing-2257,clothing,92.09,299
2258,books-2258,books,93.46,306
2259,home-2259,home,94.83,313
2260,toys-2260,toys,96.20,320
2261,food-2261,food,97.57,327
2262,electronics-2262,electronics,98.94,334
2263,clothing-2263,clothing,0.31,341
2264,books-2264,books,1.68,348
2265,home-2265,home,3.05,355
2266,toys-2266,toys,4.42,362
2267,food-2267,food,5.79,369
2268,electronics-2268,electronics,7.16,376
2269,clothing-2269,clothing,8.53,383
2270,books-2270,books,9.90,390
2271,home-2271,home,11.27,397
2272,toys-2272,toys,12.64,404
2273,food-2273,food,14.01,411
2274,electronics-2274,electronics,15.38,418
2275,clothing-2275,clothing,16.75,425
2276,books-2276,books,18.12,432
2277,home-2277,home,19.49,439
2278,toys-2278,toys,20.86,446
2279,food-2279,food,22.23,453
2280,electronics-2280,electronics,23.60,460
2281,clothing-2281,clothing,24.97,467
2282,books-2282,books,26.34,474
2283,home-2283,home,27.71,481
2284,toys-2284,toys,29.08,488
2285,food-2285,food,30.45,495
2286,electronics-2286,electronics,31.82,2
2287,clothing-2287,clothing,33.19,9
2288,books-2288,books,34.56,16
2289,home-2289,home,35.93,23
2290,toys-2290,toys,37.30,30
2291,food-2291,food,38.67,37
2292,electronics-2292,electronics,40.04,44
2293,clothing-2293,clothing,41.41,51
2294,books-2294,books,42.78,58
2295,home-2295,home,44.15,65
2296,toys-2296,toys,45.52,72
2297,food-2297,food,46.89,79
2298,electronics-2298,electronics,48.26,86
2299,clothing-2299,clothing,49.63,93
2300,books-2300,books,51.00,100
2301,home-2301,home,52.37,107
2302,toys-2302,toys,53.74,114
2303,food-2303,food,55.11,121
2304,electronics-2304,electronics,56.48,128
2305,clothing-2305,clothing,57.85,135
2306,books-2306,books,59.22,142
2307,home-2307,home,60.59,149
2308,toys-2308,toys,61.96,156
2309,food-2309,food,63.33,163
2310,electronics-2310,electronics,64.70,170
2311,clothing-2311,clothing,66.07,177
2312,books-2312,books,67.44,184
2313,home-2313,home,68.81,191
2314,toys-2314,toys,70.18,198
2315,food-2315,food,71.55,205
2316,electronics-2316,electronics,72.92,212
2317,clothing-2317,clothing,74.29,219
2318,books-2318,books,75.66,226
2319,home-2319,home,77.03,233
2320,toys-2320,toys,78.40,240
2321,food-2321,food,79.77,247
2322,electronics-2322,electronics,81.14,254
2323,clothing-2323,clothing,82.51,261
2324,books-2324,books,83.88,268
2325,home-2325,home,85.25,275
2326,toys-2326,toys,86.62,282
2327,food-2327,food,87.99,289
2328,electronics-2328,electronics,89.36,296
2329,clothing-2329,clothing,90.73,303
2330,books-2330,books,92.10,310
2331,home-2331,home,93.47,317
2332,toys-2332,toys,94.84,324
2333,food-2333,food,96.21,331
2334,electronics-2334,electronics,97.58,338
2335,clothing-2335,clothing,98.95,345
2336,books-2336,books,0.32,352
2337,home-2337,home,1.69,359
2338,toys-2338,toys,3.06,366
2339,food-2339,food,4.43,373
2340,electronics-2340,electronics,5.80,380
2341,clothing-2341,clothing,7.17,387
2342,books-2342,books,8.54,394
2343,home-2343,home,9.91,401
2344,toys-2344,toys,11.28,408
2345,food-2345,food,12.65,415
2346,electronics-2346,electronics,14.02,422
2347,clothing-2347,clothing,15.39,429
2348,books-2348,books,16.76,436
2349,home-2349,home,18.13,443
2350,toys-2350,toys,19.50,450
2351,food-2351,food,20.87,457
2352,electronics-2352,electronics,22.24,464
2353,clothing-2353,clothing,23.61,471
2354,books-2354,books,24.98,478
2355,home-2355,home,26.35,485
2356,toys-2356,toys,27.72,492
2357,food-2357,food,29.09,499
2358,electronics-2358,electronics,30.46,6
2359,clothing-2359,clothing,31.83,13
2360,books-2360,books,33.20,20
2361,home-2361,home,34.57,27
2362,toys-2362,toys,35.94,34
2363,food-2363,food,37.31,41
2364,electronics-2364,electronics,38.68,48
2365,clothing-2365,clothing,40.05,55
2366,books-2366,books,41.42,62
2367,home-2367,home,42.79,69
2368,toys-2368,toys,44.16,76
2369,food-2369,food,45.53,83
2370,electronics-2370,electronics,46.90,90
2371,clothing-2371,clothing,48.27,97
2372,books-2372,books,49.64,104
2373,home-2373,home,51.01,111
2374,toys-2374,toys,52.38,118
2375,food-2375,food,53.75,125
2376,electronics-2376,electronics,55.12,132
2377,clothing-2377,clothing,56.49,139
2378,books-2378,books,57.86,146
2379,home-2379,home,59.23,153
2380,toys-2380,toys,60.60,160
2381,food-2381,food,61.97,167
2382,electronics-2382,electronics,63.34,174
2383,clothing-2383,clothing,64.71,181
2384,books-2384,books,66.08,188
2385,home-2385,home,67.45,195
2386,toys-2386,toys,68.82,202
2387,food-2387,food,70.19,209
2388,electronics-2388,electronics,71.56,216
2389,clothing-2389,clothing,72.93,223
2390,books-2390,books,74.30,230
2391,home-2391,home,75.67,237
2392,toys-2392,toys,77.04,244
2393,food-2393,food,78.41,251
2394,electronics-2394,electronics,79.78,258
2395,clothing-2395,clothing,81.15,265
2396,books-2396,books,82.52,272
2397,home-2397,home,83.89,279
2398,toys-2398,toys,85.26,286
2399,food-2399,food,86.63,293
2400,electronics-2400,electronics,88.00,300
2401,clothing-2401,clothing,89.37,307
2402,books-2402,books,90.74,314
2403,home-2403,home,92.11,321
2404,toys-2404,toys,93.48,328
2405,food-2405,food,94.85,335
2406,electronics-2406,electronics,96.22,342
2407,clothing-2407,clothing,97.59,349
2408,books-2408,books,98.96,356
2409,home-2409,home,0.33,363
2410,toys-2410,toys,1.70,370
2411,food-2411,food,3.07,377
2412,electronics-2412,electronics,4.44,384
2413,clothing-2413,clothing,5.81,391
2414,books-2414,books,7.18,398
2415,home-2415,home,8.55,405
2416,toys-2416,toys,9.92,412
2417,food-2417,food,11.29,419
2418,electronics-2418,electronics,12.66,426
2419,clothing-2419,clothing,14.03,433
2420,books-2420,books,15.40,440
2421,home-2421,home,16.77,447
2422,toys-2422,toys,18.14,454
2423,food-2423,food,19.51,461
2424,electronics-2424,electronics,20.88,468
2425,clothing-2425,clothing,22.25,475
2426,books-2426,books,23.62,482
2427,home-2427,home,24.99,489
2428,toys-2428,toys,26.36,496
2429,food-2429,food,27.73,3
2430,electronics-2430,electronics,29.10,10
2431,clothing-2431,clothing,30.47,17
2432,books-2432,books,31.84,24
2433,home-2433,home,33.21,31
2434,toys-2434,toys,34.58,38
2435,food-2435,food,35.95,45
2436,electronics-2436,electronics,37.32,52
2437,clothing-2437,clothing,38.69,59
2438,books-2438,books,40.06,66
2439,home-2439,home,41.43,73
2440,toys-2440,toys,42.80,80
2441,food-2441,food,44.17,87
2442,electronics-2442,electronics,45.54,94
2443,clothing-2443,clothing,46.91,101
2444,books-2444,books,48.28,108
2445,home-2445,home,49.65,115
2446,toys-2446,toys,51.02,122
2447,food-2447,food,52.39,129
2448,electronics-2448,electronics,53.76,136
2449,clothing-2449,clothing,55.13,143
2450,books-2450,books,56.50,150
2451,home-2451,home,57.87,157
2452,toys-2452,toys,59.24,164
2453,food-2453,food,60.61,171
2454,electronics-2454,electronics,61.98,178
2455,clothing-2455,clothing,63.35,185
2456,books-2456,books,64.72,192
2457,home-2457,home,66.09,199
2458,toys-2458,toys,67.46,206
2459,food-2459,food,68.83,213
2460,electronics-2460,electronics,70.20,220
2461,clothing-2461,clothing,71.57,227
2462,books-2462,books,72.94,234
2463,home-2463,home,74.31,241
2464,toys-2464,toys,75.68,248
2465,food-2465,food,77.05,255
2466,electronics-2466,electronics,78.42,262
2467,clothing-2467,clothing,79.79,269
2468,books-2468,books,81.16,276
2469,home-2469,home,82.53,283
2470,toys-2470,toys,83.90,290
2471,food-2471,food,85.27,297
2472,electronics-2472,electronics,86.64,304
2473,clothing-2473,clothing,88.01,311
2474,books-2474,books,89.38,318
2475,home-2475,home,90.75,325
2476,toys-2476,toys,92.12,332
2477,food-2477,food,93.49,339
2478,electronics-2478,electronics,94.86,346
2479,clothing-2479,clothing,96.23,353
2480,books-2480,books,97.60,360
2481,home-2481,home,98.97,367
2482,toys-2482,toys,0.34,374
2483,food-2483,food,1.71,381
2484,electronics-2484,electronics,3.08,388
2485,clothing-2485,clothing,4.45,395
2486,books-2486,books,5.82,402
2487,home-2487,home,7.19,409
2488,toys-2488,toys,8.56,416
2489,food-2489,food,9.93,423
2490,electronics-2490,electronics,11.30,430
2491,clothing-2491,clothing,12.67,437
2492,books-2492,books,14.04,444
2493,home-2493,home,15.41,451
2494,toys-2494,toys,16.78,458
2495,food-2495,food,18.15,465
2496,electronics-2496,electronics,19.52,472
2497,clothing-2497,clothing,20.89,479
2498,books-2498,books,22.26,486
2499,home-2499,home,23.63,493
2500,toys-2500,toys,25.00,0
2501,food-2501,food,26.37,7
2502,electronics-2502,electronics,27.74,14
2503,clothing-2503,clothing,29.11,21
2504,books-2504,books,30.48,28
2505,home-2505,home,31.85,35
2506,toys-2506,toys,33.22,42
2507,food-2507,food,34.59,49
2508,electronics-2508,electronics,35.96,56
2509,clothing-2509,clothing,37.33,63
2510,books-2510,books,38.70,70
2511,home-2511,home,40.07,77
2512,toys-2512,toys,41.44,84
2513,food-2513,food,42.81,91
2514,electronics-2514,electronics,44.18,98
2515,clothing-2515,clothing,45.55,105
2516,books-2516,books,46.92,112
2517,home-2517,home,48.29,119
2518,toys-2518,toys,49.66,126
2519,food-2519,food,51.03,133
2520,electronics-2520,electronics,52.40,140
2521,clothing-2521,clothing,53.77,147
2522,books-2522,books,55.14,154
2523,home-2523,home,56.51,161
2524,toys-2524,toys,57.88,168
2525,food-2525,food,59.25,175
2526,electronics-2526,electronics,60.62,182
2527,clothing-2527,clothing,61.99,189
2528,books-2528,books,63.36,196
2529,home-2529,home,64.73,203
2530,toys-2530,toys,66.10,210
2531,food-2531,food,67.47,217
2532,electronics-2532,electronics,68.84,224
2533,clothing-2533,clothing,70.21,231
2534,books-2534,books,71.58,238
2535,home-2535,home,72.95,245
2536,toys-2536,toys,74.32,252
2537,food-2537,food,75.69,259
2538,electronics-2538,electronics,77.06,266
2539,clothing-2539,clothing,78.43,273
2540,books-2540,books,79.80,280
2541,home-2541,home,81.17,287
2542,toys-2542,toys,82.54,294
2543,food-2543,food,83.91,301
2544,electronics-2544,electronics,85.28,308
2545,clothing-2545,clothing,86.65,315
2546,books-2546,books,88.02,322
2547,home-2547,home,89.39,329
2548,toys-2548,toys,90.76,336
2549,food-2549,food,92.13,343
2550,electronics-2550,electronics,93.50,350
2551,clothing-2551,clothing,94.87,357
2552,books-2552,books,96.24,364
2553,home-2553,home,97.61,371
2554,toys-2554,toys,98.98,378
2555,food-2555,food,0.35,385
2556,electronics-2556,electronics,1.72,392
2557,clothing-2557,clothing,3.09,399
2558,books-2558,books,4.46,406
2559,home-2559,home,5.83,413
2560,toys-2560,toys,7.20,420
2561,food-2561,food,8.57,427
2562,electronics-2562,electronics,9.94,434
2563,clothing-2563,clothing,11.31,441
2564,books-2564,books,12.68,448
2565,home-2565,home,14.05,455
2566,toys-2566,toys,15.42,462
2567,food-2567,food,16.79,469
2568,electronics-2568,electronics,18.16,476
2569,clothing-2569,clothing,19.53,483
2570,books-2570,books,20.90,490
2571,home-2571,home,22.27,497
2572,toys-2572,toys,23.64,4
2573,food-2573,food,25.01,11
2574,electronics-2574,electronics,26.38,18
2575,clothing-2575,clothing,27.75,25
2576,books-2576,books,29.12,32
2577,home-2577,home,30.49,39
2578,toys-2578,toys,31.86,46
2579,food-2579,food,33.23,53
2580,electronics-2580,electronics,34.60,60
2581,clothing-2581,clothing,35.97,67
2582,books-2582,books,37.34,74
2583,home-2583,home,38.71,81
2584,toys-2584,toys,40.08,88
2585,food-2585,food,41.45,95
2586,electronics-2586,electronics,42.82,102
2587,clothing-2587,clothing,44.19,109
2588,books-2588,books,45.56,116
2589,home-2589,home,46.93,123
2590,toys-2590,toys,48.30,130
2591,food-2591,food,49.67,137
2592,electronics-2592,electronics,51.04,144
2593,clothing-2593,clothing,52.41,151
2594,books-2594,books,53.78,158
2595,home-2595,home,55.15,165
2596,toys-2596,toys,56.52,172
2597,food-2597,food,57.89,179
2598,electronics-2598,electronics,59.26,186
2599,clothing-2599,clothing,60.63,193
2600,books-2600,books,62.00,200
2601,home-2601,home,63.37,207
2602,toys-2602,toys,64.74,214
2603,food-2603,food,66.11,221
2604,electronics-2604,electronics,67.48,228
2605,clothing-2605,clothing,68.85,235
2606,books-2606,books,70.22,242
2607,home-2607,home,71.59,249
2608,toys-2608,toys,72.96,256
2609,food-2609,food,74.33,263
2610,electronics-2610,electronics,75.70,270
2611,clothing-2611,clothing,77.07,277
2612,books-2612,books,78.44,284
2613,home-2613,home,79.81,291
2614,toys-2614,toys,81.18,298
2615,food-2615,food,82.55,305
2616,electronics-2616,electronics,83.92,312
2617,clothing-2617,clothing,85.29,319
2618,books-2618,books,86.66,326
2619,home-2619,home,88.03,333
2620,toys-2620,toys,89.40,340
2621,food-2621,food,90.77,347
2622,electronics-2622,electronics,92.14,354
2623,clothing-2623,clothing,93.51,361
2624,books-2624,books,94.88,368
2625,home-2625,home,96.25,375
2626,toys-2626,toys,97.62,382
2627,food-2627,food,98.99,389
2628,electronics-2628,electronics,0.36,396
2629,clothing-2629,clothing,1.73,403
2630,books-2630,books,3.10,410
2631,home-2631,home,4.47,417
2632,toys-2632,toys,5.84,424
2633,food-2633,food,7.21,431
2634,electronics-2634,electronics,8.58,438
2635,clothing-2635,clothing,9.95,445
2636,books-2636,books,11.32,452
2637,home-2637,home,12.69,459
2638,toys-2638,toys,14.06,466
2639,food-2639,food,15.43,473
2640,electronics-2640,electronics,16.80,480
2641,clothing-2641,clothing,18.17,487
2642,books-2642,books,19.54,494
2643,home-2643,home,20.91,1
2644,toys-2644,toys,22.28,8
2645,food-2645,food,23.65,15
2646,electronics-2646,electronics,25.02,22
2647,clothing-2647,clothing,26.39,29
2648,books-2648,books,27.76,36
2649,home-2649,home,29.13,43
2650,toys-2650,toys,30.50,50
2651,food-2651,food,31.87,57
2652,electronics-2652,electronics,33.24,64
2653,clothing-2653,clothing,34.61,71
2654,books-2654,books,35.98,78
2655,home-2655,home,37.35,85
2656,toys-2656,toys,38.72,92
2657,food-2657,food,40.09,99
2658,electronics-2658,electronics,41.46,106
2659,clothing-2659,clothing,42.83,113
2660,books-2660,books,44.20,120
2661,home-2661,home,45.57,127
2662,toys-2662,toys,46.94,134
2663,food-2663,food,48.31,141
2664,electronics-2664,electronics,49.68,148
2665,clothing-2665,clothing,51.05,155
2666,books-2666,books,52.42,162
2667,home-2667,home,53.79,169
2668,toys-2668,toys,55.16,176
2669,food-2669,food,56.53,183
2670,electronics-2670,electronics,57.90,190
2671,clothing-2671,clothing,59.27,197
2672,books-2672,books,60.64,204
2673,home-2673,home,62.01,211
2674,toys-2674,toys,63.38,218
2675,food-2675,food,64.75,225
2676,electronics-2676,electronics,66.12,232
2677,clothing-2677,clothing,67.49,239
2678,books-2678,books,68.86,246
2679,home-2679,home,70.23,253
2680,toys-2680,toys,71.60,260
2681,food-2681,food,72.97,267
2682,electronics-2682,electronics,74.34,274
2683,clothing-2683,clothing,75.71,281
2684,books-2684,books,77.08,288
2685,home-2685,home,78.45,295
2686,toys-2686,toys,79.82,302
2687,food-2687,food,81.19,309
2688,electronics-2688,electronics,82.56,316
2689,clothing-2689,clothing,83.93,323
2690,books-2690,books,85.30,330
2691,home-2691,home,86.67,337
2692,toys-2692,toys,88.04,344
2693,food-2693,food,89.41,351
2694,electronics-2694,electronics,90.78,358
2695,clothing-2695,clothing,92.15,365
2696,books-2696,books,93.52,372
2697,home-2697,home,94.89,379
2698,toys-2698,toys,96.26,386
2699,food-2699,food,97.63,393
2700,electronics-2700,electronics,99.00,400
2701,clothing-2701,clothing,0.37,407
2702,books-2702,books,1.74,414
2703,home-2703,home,3.11,421
2704,toys-2704,toys,4.48,428
2705,food-2705,food,5.85,435
2706,electronics-2706,electronics,7.22,442
2707,clothing-2707,clothing,8.59,449
2708,books-2708,books,9.96,456
2709,home-2709,home,11.33,463
2710,toys-2710,toys,12.70,470
2711,food-2711,food,14.07,477
2712,electronics-2712,electronics,15.44,484
2713,clothing-2713,clothing,16.81,491
2714,books-2714,books,18.18,498
2715,home-2715,home,19.55,5
2716,toys-2716,toys,20.92,12
2717,food-2717,food,22.29,19
2718,electronics-2718,electronics,23.66,26
2719,clothing-2719,clothing,25.03,33
2720,books-2720,books,26.40,40
2721,home-2721,home,27.77,47
2722,toys-2722,toys,29.14,54
2723,food-2723,food,30.51,61
2724,electronics-2724,electronics,31.88,68
2725,clothing-2725,clothing,33.25,75
2726,books-2726,books,34.62,82
2727,home-2727,home,35.99,89
2728,toys-2728,toys,37.36,96
2729,food-2729,food,38.73,103
2730,electronics-2730,electronics,40.10,110
2731,clothing-2731,clothing,41.47,117
2732,books-2732,books,42.84,124
2733,home-2733,home,44.21,131
2734,toys-2734,toys,45.58,138
2735,food-2735,food,46.95,145
2736,electronics-2736,electronics,48.32,152
2737,clothing-2737,clothing,49.69,159
2738,books-2738,books,51.06,166
2739,home-2739,home,52.43,173
2740,toys-2740,toys,53.80,180
2741,food-2741,food,55.17,187
2742,electronics-2742,electronics,56.54,194
2743,clothing-2743,clothing,57.91,201
2744,books-2744,books,59.28,208
2745,home-2745,home,60.65,215
2746,toys-2746,toys,62.02,222
2747,food-2747,food,63.39,229
2748,electronics-2748,electronics,64.76,236
2749,clothing-2749,clothing,66.13,243
2750,books-2750,books,67.50,250
2751,home-2751,home,68.87,257
2752,toys-2752,toys,70.24,264
2753,food-2753,food,71.61,271
2754,electronics-2754,electronics,72.98,278
2755,clothing-2755,clothing,74.35,285
2756,books-2756,books,75.72,292
2757,home-2757,home,77.09,299
2758,toys-2758,toys,78.46,306
2759,food-2759,food,79.83,313
2760,electronics-2760,electronics,81.20,320
2761,clothing-2761,clothing,82.57,327
2762,books-2762,books,83.94,334
2763,home-2763,home,85.31,341
2764,toys-2764,toys,86.68,348
2765,food-2765,food,88.05,355
2766,electronics-2766,electronics,89.42,362
2767,clothing-2767,clothing,90.79,369
2768,books-2768,books,92.16,376
2769,home-2769,home,93.53,383
2770,toys-2770,toys,94.90,390
2771,food-2771,food,96.27,397
2772,electronics-2772,electronics,97.64,404
2773,clothing-2773,clothing,99.01,411
2774,books-2774,books,0.38,418
2775,home-2775,home,1.75,425
2776,toys-2776,toys,3.12,432
2777,food-2777,food,4.49,439
2778,electronics-2778,electronics,5.86,446
2779,clothing-2779,clothing,7.23,453
2780,books-2780,books,8.60,460
2781,home-2781,home,9.97,467
2782,toys-2782,toys,11.34,474
2783,food-2783,food,12.71,481
2784,electronics-2784,electronics,14.08,488
2785,clothing-2785,clothing,15.45,495
2786,books-2786,books,16.82,2
2787,home-2787,home,18.19,9
2788,toys-2788,toys,19.56,16
2789,food-2789,food,20.93,23
2790,electronics-2790,electronics,22.30,30
2791,clothing-2791,clothing,23.67,37
2792,books-2792,books,25.04,44
2793,home-2793,home,26.41,51
2794,toys-2794,toys,27.78,58
2795,food-2795,food,29.15,65
2796,electronics-2796,electronics,30.52,72
2797,clothing-2797,clothing,31.89,79
2798,books-2798,books,33.26,86
2799,home-2799,home,34.63,93
2800,toys-2800,toys,36.00,100
2801,food-2801,food,37.37,107
2802,electronics-2802,electronics,38.74,114
2803,clothing-2803,clothing,40.11,121
2804,books-2804,books,41.48,128
2805,home-2805,home,42.85,135
2806,toys-2806,toys,44.22,142
2807,food-2807,food,45.59,149
2808,electronics-2808,electronics,46.96,156
2809,clothing-2809,clothing,48.33,163
2810,books-2810,books,49.70,170
2811,home-2811,home,51.07,177
2812,toys-2812,toys,52.44,184
2813,food-2813,food,53.81,191
2814,electronics-2814,electronics,55.18,198
2815,clothing-2815,clothing,56.55,205
2816,books-2816,books,57.92,212
2817,home-2817,home,59.29,219
2818,toys-2818,toys,60.66,226
2819,food-2819,food,62.03,233
2820,electronics-2820,electronics,63.40,240
2821,clothing-2821,clothing,64.77,247
2822,books-2822,books,66.14,254
2823,home-2823,home,67.51,261
2824,toys-2824,toys,68.88,268
2825,food-2825,food,70.25,275
2826,electronics-2826,electronics,71.62,282
2827,clothing-2827,clothing,72.99,289
2828,books-2828,books,74.36,296
2829,home-2829,home,75.73,303
2830,toys-2830,toys,77.10,310
2831,food-2831,food,78.47,317
2832,electronics-2832,electronics,79.84,324
2833,clothing-2833,clothing,81.21,331
2834,books-2834,books,82.58,338
2835,home-2835,home,83.95,345
2836,toys-2836,toys,85.32,352
2837,food-2837,food,86.69,359
2838,electronics-2838,electronics,88.06,366
2839,clothing-2839,clothing,89.43,373
2840,books-2840,books,90.80,380
2841,home-2841,home,92.17,387
2842,toys-2842,toys,93.54,394
2843,food-2843,food,94.91,401
2844,electronics-2844,electronics,96.28,408
2845,clothing-2845,clothing,97.65,415
2846,books-2846,books,99.02,422
2847,home-2847,home,0.39,429
2848,toys-2848,toys,1.76,436
2849,food-2849,food,3.13,443
2850,electronics-2850,electronics,4.50,450
2851,clothing-2851,clothing,5.87,457
2852,books-2852,books,7.24,464
2853,home-2853,home,8.61,471
2854,toys-2854,toys,9.98,478
2855,food-2855,food,11.35,485
2856,electronics-2856,electronics,12.72,492
2857,clothing-2857,clothing,14.09,499
2858,books-2858,books,15.46,6
2859,home-2859,home,16.83,13
2860,toys-2860,toys,18.20,20
2861,food-2861,food,19.57,27
2862,electronics-2862,electronics,20.94,34
2863,clothing-2863,clothing,22.31,41
2864,books-2864,books,23.68,48
2865,home-2865,home,25.05,55
2866,toys-2866,toys,26.42,62
2867,food-2867,food,27.79,69
2868,electronics-2868,electronics,29.16,76
2869,clothing-2869,clothing,30.53,83
2870,books-2870,books,31.90,90
2871,home-2871,home,33.27,97
2872,toys-2872,toys,34.64,104
2873,food-2873,food,36.01,111
2874,electronics-2874,electronics,37.38,118
2875,clothing-2875,clothing,38.75,125
2876,books-2876,books,40.12,132
2877,home-2877,home,41.49,139
2878,toys-2878,toys,42.86,146
2879,food-2879,food,44.23,153
2880,electronics-2880,electronics,45.60,160
2881,clothing-2881,clothing,46.97,167
2882,books-2882,books,48.34,174
2883,home-2883,home,49.71,181
2884,toys-2884,toys,51.08,188
2885,food-2885,food,52.45,195
2886,electronics-2886,electronics,53.82,202
2887,clothing-2887,clothing,55.19,209
2888,books-2888,books,56.56,216
2889,home-2889,home,57.93,223
2890,toys-2890,toys,59.30,230
2891,food-2891,food,60.67,237
2892,electronics-2892,electronics,62.04,244
2893,clothing-2893,clothing,63.41,251
2894,books-2894,books,64.78,258
2895,home-2895,home,66.15,265
2896,toys-2896,toys,67.52,272
2897,food-2897,food,68.89,279
2898,electronics-2898,electronics,70.26,286
2899,clothing-2899,clothing,71.63,293
2900,books-2900,books,73.00,300
2901,home-2901,home,74.37,307
2902,toys-2902,toys,75.74,314
2903,food-2903,food,77.11,321
2904,electronics-2904,electronics,78.48,328
2905,clothing-2905,clothing,79.85,335
2906,books-2906,books,81.22,342
2907,home-2907,home,82.59,349
2908,toys-2908,toys,83.96,356
2909,food-2909,food,85.33,363
2910,electronics-2910,electronics,86.70,370
2911,clothing-2911,clothing,88.07,377
2912,books-2912,books,89.44,384
2913,home-2913,home,90.81,391
2914,toys-2914,toys,92.18,398
2915,food-2915,food,93.55,405
2916,electronics-2916,electronics,94.92,412
2917,clothing-2917,clothing,96.29,419
2918,books-2918,books,97.66,426
2919,home-2919,home,99.03,433
2920,toys-2920,toys,0.40,440
2921,food-2921,food,1.77,447
2922,electronics-2922,electronics,3.14,454
2923,clothing-2923,clothing,4.51,461
2924,books-2924,books,5.88,468
2925,home-2925,home,7.25,475
2926,toys-2926,toys,8.62,482
2927,food-2927,food,9.99,489
2928,electronics-2928,electronics,11.36,496
2929,clothing-2929,clothing,12.73,3
2930,books-2930,books,14.10,10
2931,home-2931,home,15.47,17
2932,toys-2932,toys,16.84,24
2933,food-2933,food,18.21,31
2934,electronics-2934,electronics,19.58,38
2935,clothing-2935,clothing,20.95,45
2936,books-2936,books,22.32,52
2937,home-2937,home,23.69,59
2938,toys-2938,toys,25.06,66
2939,food-2939,food,26.43,73
2940,electronics-2940,electronics,27.80,80
2941,clothing-2941,clothing,29.17,87
2942,books-2942,books,30.54,94
2943,home-2943,home,31.91,101
2944,toys-2944,toys,33.28,108
2945,food-2945,food,34.65,115
2946,electronics-2946,electronics,36.02,122
2947,clothing-2947,clothing,37.39,129
2948,books-2948,books,38.76,136
2949,home-2949,home,40.13,143
2950,toys-2950,toys,41.50,150
2951,food-2951,food,42.87,157
2952,electronics-2952,electronics,44.24,164
2953,clothing-2953,clothing,45.61,171
2954,books-2954,books,46.98,178
2955,home-2955,home,48.35,185
2956,toys-2956,toys,49.72,192
2957,food-2957,food,51.09,199
2958,electronics-2958,electronics,52.46,206
2959,clothing-2959,clothing,53.83,213
2960,books-2960,books,55.20,220
2961,home-2961,home,56.57,227
2962,toys-2962,toys,57.94,234
2963,food-2963,food,59.31,241
2964,electronics-2964,electronics,60.68,248
2965,clothing-2965,clothing,62.05,255
2966,books-2966,books,63.42,262
2967,home-2967,home,64.79,269
2968,toys-2968,toys,66.16,276
2969,food-2969,food,67.53,283
2970,electronics-2970,electronics,68.90,290
2971,clothing-2971,clothing,70.27,297
2972,books-2972,books,71.64,304
2973,home-2973,home,73.01,311
2974,toys-2974,toys,74.38,318
2975,food-2975,food,75.75,325
2976,electronics-2976,electronics,77.12,332
2977,clothing-2977,clothing,78.49,339
2978,books-2978,books,79.86,346
2979,home-2979,home,81.23,353
2980,toys-2980,toys,82.60,360
2981,food-2981,food,83.97,367
2982,electronics-2982,electronics,85.34,374
2983,clothing-2983,clothing,86.71,381
2984,books-2984,books,88.08,388
2985,home-2985,home,89.45,395
2986,toys-2986,toys,90.82,402
2987,food-2987,food,92.19,409
2988,electronics-2988,electronics,93.56,416
2989,clothing-2989,clothing,94.93,423
2990,books-2990,books,96.30,430
2991,home-2991,home,97.67,437
2992,toys-2992,toys,99.04,444
2993,food-2993,food,0.41,451
2994,electronics-2994,electronics,1.78,458
2995,clothing-2995,clothing,3.15,465
2996,books-2996,books,4.52,472
2997,home-2997,home,5.89,479
2998,toys-2998,toys,7.26,486
2999,food-2999,food,8.63,493
3000,electronics-3000,electronics,10.00,0
3001,clothing-3001,clothing,11.37,7
3002,books-3002,books,12.74,14
3003,home-3003,home,14.11,21
3004,toys-3004,toys,15.48,28
3005,food-3005,food,16.85,35
3006,electronics-3006,electronics,18.22,42
3007,clothing-3007,clothing,19.59,49
3008,books-3008,books,20.96,56
3009,home-3009,home,22.33,63
3010,toys-3010,toys,23.70,70
3011,food-3011,food,25.07,77
3012,electronics-3012,electronics,26.44,84
3013,clothing-3013,clothing,27.81,91
3014,books-3014,books,29.18,98
3015,home-3015,home,30.55,105
3016,toys-3016,toys,31.92,112
3017,food-3017,food,33.29,119
3018,electronics-3018,electronics,34.66,126
3019,clothing-3019,clothing,36.03,133
3020,books-3020,books,37.40,140
3021,home-3021,home,38.77,147
3022,toys-3022,toys,40.14,154
3023,food-3023,food,41.51,161
3024,electronics-3024,electronics,42.88,168
3025,clothing-3025,clothing,44.25,175
3026,books-3026,books,45.62,182
3027,home-3027,home,46.99,189
3028,toys-3028,toys,48.36,196
3029,food-3029,food,49.73,203
3030,electronics-3030,electronics,51.10,210
3031,clothing-3031,clothing,52.47,217
3032,books-3032,books,53.84,224
3033,home-3033,home,55.21,231
3034,toys-3034,toys,56.58,238
3035,food-3035,food,57.95,245
3036,electronics-3036,electronics,59.32,252
3037,clothing-3037,clothing,60.69,259
3038,books-3038,books,62.06,266
3039,home-3039,home,63.43,273
3040,toys-3040,toys,64.80,280
3041,food-3041,food,66.17,287
3042,electronics-3042,electronics,67.54,294
3043,clothing-3043,clothing,68.91,301
3044,books-3044,books,70.28,308
3045,home-3045,home,71.65,315
3046,toys-3046,toys,73.02,322
3047,food-3047,food,74.39,329
3048,electronics-3048,electronics,75.76,336
3049,clothing-3049,clothing,77.13,343
3050,books-3050,books,78.50,350
3051,home-3051,home,79.87,357
3052,toys-3052,toys,81.24,364
3053,food-3053,food,82.61,371
3054,electronics-3054,electronics,83.98,378
3055,clothing-3055,clothing,85.35,385
3056,books-3056,books,86.72,392
3057,home-3057,home,88.09,399
3058,toys-3058,toys,89.46,406
3059,food-3059,food,90.83,413
3060,electronics-3060,electronics,92.20,420
3061,clothing-3061,clothing,93.57,427
3062,books-3062,books,94.94,434
3063,home-3063,home,96.31,441
3064,toys-3064,toys,97.68,448
3065,food-3065,food,99.05,455
3066,electronics-3066,electronics,0.42,462
3067,clothing-3067,clothing,1.79,469
3068,books-3068,books,3.16,476
3069,home-3069,home,4.53,483
3070,toys-3070,toys,5.90,490
3071,food-3071,food,7.27,497
3072,electronics-3072,electronics,8.64,4
3073,clothing-3073,clothing,10.01,11
3074,books-3074,books,11.38,18
3075,home-3075,home,12.75,25
3076,toys-3076,toys,14.12,32
3077,food-3077,food,15.49,39
3078,electronics-3078,electronics,16.86,46
3079,clothing-3079,clothing,18.23,53
3080,books-3080,books,19.60,60
3081,home-3081,home,20.97,67
3082,toys-3082,toys,22.34,74
3083,food-3083,food,23.71,81
3084,electronics-3084,electronics,25.08,88
3085,clothing-3085,clothing,26.45,95
3086,books-3086,books,27.82,102
3087,home-3087,home,29.19,109
3088,toys-3088,toys,30.56,116
3089,food-3089,food,31.93,123
3090,electronics-3090,electronics,33.30,130
3091,clothing-3091,clothing,34.67,137
3092,books-3092,books,36.04,144
3093,home-3093,home,37.41,151
3094,toys-3094,toys,38.78,158
3095,food-3095,food,40.15,165
3096,electronics-3096,electronics,41.52,172
3097,clothing-3097,clothing,42.89,179
3098,books-3098,books,44.26,186
3099,home-3099,home,45.63,193
3100,toys-3100,toys,47.00,200
3101,food-3101,food,48.37,207
3102,electronics-3102,electronics,49.74,214
3103,clothing-3103,clothing,51.11,221
3104,books-3104,books,52.48,228
3105,home-3105,home,53.85,235
3106,toys-3106,toys,55.22,242
3107,food-3107,food,56.59,249
3108,electronics-3108,electronics,57.96,256
3109,clothing-3109,clothing,59.33,263
3110,books-3110,books,60.70,270
3111,home-3111,home,62.07,277
3112,toys-3112,toys,63.44,284
3113,food-3113,food,64.81,291
3114,electronics-3114,electronics,66.18,298
3115,clothing-3115,clothing,67.55,305
3116,books-3116,books,68.92,312
3117,home-3117,home,70.29,319
3118,toys-3118,toys,71.66,326
3119,food-3119,food,73.03,333
3120,electronics-3120,electronics,74.40,340
3121,clothing-3121,clothing,75.77,347
3122,books-3122,books,77.14,354
3123,home-3123,home,78.51,361
3124,toys-3124,toys,79.88,368
3125,food-3125,food,81.25,375
3126,electronics-3126,electronics,82.62,382
3127,clothing-3127,clothing,83.99,389
3128,books-3128,books,85.36,396
3129,home-3129,home,86.73,403
3130,toys-3130,toys,88.10,410
3131,food-3131,food,89.47,417
3132,electronics-3132,electronics,90.84,424
3133,clothing-3133,clothing,92.21,431
3134,books-3134,books,93.58,438
3135,home-3135,home,94.95,445
3136,toys-3136,toys,96.32,452
3137,food-3137,food,97.69,459
3138,electronics-3138,electronics,99.06,466
3139,clothing-3139,clothing,0.43,473
3140,books-3140,books,1.80,480
3141,home-3141,home,3.17,487
3142,toys-3142,toys,4.54,494
3143,food-3143,food,5.91,1
3144,electronics-3144,electronics,7.28,8
3145,clothing-3145,clothing,8.65,15
3146,books-3146,books,10.02,22
3147,home-3147,home,11.39,29
3148,toys-3148,toys,12.76,36
3149,food-3149,food,14.13,43
3150,electronics-3150,electronics,15.50,50
3151,clothing-3151,clothing,16.87,57
3152,books-3152,books,18.24,64
3153,home-3153,home,19.61,71
3154,toys-3154,toys,20.98,78
3155,food-3155,food,22.35,85
3156,electronics-3156,electronics,23.72,92
3157,clothing-3157,clothing,25.09,99
3158,books-3158,books,26.46,106
3159,home-3159,home,27.83,113
3160,toys-3160,toys,29.20,120
3161,food-3161,food,30.57,127
3162,electronics-3162,electronics,31.94,134
3163,clothing-3163,clothing,33.31,141
3164,books-3164,books,34.68,148
3165,home-3165,home,36.05,155
3166,toys-3166,toys,37.42,162
3167,food-3167,food,38.79,169
3168,electronics-3168,electronics,40.16,176
3169,clothing-3169,clothing,41.53,183
3170,books-3170,books,42.90,190
3171,home-3171,home,44.27,197
3172,toys-3172,toys,45.64,204
3173,food-3173,food,47.01,211
3174,electronics-3174,electronics,48.38,218
3175,clothing-3175,clothing,49.75,225
3176,books-3176,books,51.12,232
3177,home-3177,home,52.49,239
3178,toys-3178,toys,53.86,246
3179,food-3179,food,55.23,253
3180,electronics-3180,electronics,56.60,260
3181,clothing-3181,clothing,57.97,267
3182,books-3182,books,59.34,274
3183,home-3183,home,60.71,281
3184,toys-3184,toys,62.08,288
3185,food-3185,food,63.45,295
3186,electronics-3186,electronics,64.82,302
3187,clothing-3187,clothing,66.19,309
3188,books-3188,books,67.56,316
3189,home-3189,home,68.93,323
3190,toys-3190,toys,70.30,330
3191,food-3191,food,71.67,337
3192,electronics-3192,electronics,73.04,344
3193,clothing-3193,clothing,74.41,351
3194,books-3194,books,75.78,358
3195,home-3195,home,77.15,365
3196,toys-3196,toys,78.52,372
3197,food-3197,food,79.89,379
3198,electronics-3198,electronics,81.26,386
3199,clothing-3199,clothing,82.63,393
3200,books-3200,books,84.00,400
3201,home-3201,home,85.37,407
3202,toys-3202,toys,86.74,414
3203,food-3203,food,88.11,421
3204,electronics-3204,electronics,89.48,428
3205,clothing-3205,clothing,90.85,435
3206,books-3206,books,92.22,442
3207,home-3207,home,93.59,449
3208,toys-3208,toys,94.96,456
3209,food-3209,food,96.33,463
3210,electronics-3210,electronics,97.70,470
3211,clothing-3211,clothing,99.07,477
3212,books-3212,books,0.44,484
3213,home-3213,home,1.81,491
3214,toys-3214,toys,3.18,498
3215,food-3215,food,4.55,5
3216,electronics-3216,electronics,5.92,12
3217,clothing-3217,clothing,7.29,19
3218,books-3218,books,8.66,26
3219,home-3219,home,10.03,33
3220,toys-3220,toys,11.40,40
3221,food-3221,food,12.77,47
3222,electronics-3222,electronics,14.14,54
3223,clothing-3223,clothing,15.51,61
3224,books-3224,books,16.88,68
3225,home-3225,home,18.25,75
3226,toys-3226,toys,19.62,82
3227,food-3227,food,20.99,89
3228,electronics-3228,electronics,22.36,96
3229,clothing-3229,clothing,23.73,103
3230,books-3230,books,25.10,110
3231,home-3231,home,26.47,117
3232,toys-3232,toys,27.84,124
3233,food-3233,food,29.21,131
3234,electronics-3234,electronics,30.58,138
3235,clothing-3235,clothing,31.95,145
3236,books-3236,books,33.32,152
3237,home-3237,home,34.69,159
3238,toys-3238,toys,36.06,166
3239,food-3239,food,37.43,173
3240,electronics-3240,electronics,38.80,180
3241,clothing-3241,clothing,40.17,187
3242,books-3242,books,41.54,194
3243,home-3243,home,42.91,201
3244,toys-3244,toys,44.28,208
3245,food-3245,food,45.65,215
3246,electronics-3246,electronics,47.02,222
3247,clothing-3247,clothing,48.39,229
3248,books-3248,books,49.76,236
3249,home-3249,home,51.13,243
3250,toys-3250,toys,52.50,250
3251,food-3251,food,53.87,257
3252,electronics-3252,electronics,55.24,264
3253,clothing-3253,clothing,56.61,271
3254,books-3254,books,57.98,278
3255,home-3255,home,59.35,285
3256,toys-3256,toys,60.72,292
3257,food-3257,food,62.09,299
3258,electronics-3258,electronics,63.46,306
3259,clothing-3259,clothing,64.83,313
3260,books-3260,books,66.20,320
3261,home-3261,home,67.57,327
3262,toys-3262,toys,68.94,334
3263,food-3263,food,70.31,341
3264,electronics-3264,electronics,71.68,348
3265,clothing-3265,clothing,73.05,355
3266,books-3266,books,74.42,362
3267,home-3267,home,75.79,369
3268,toys-3268,toys,77.16,376
3269,food-3269,food,78.53,383
3270,electronics-3270,electronics,79.90,390
3271,clothing-3271,clothing,81.27,397
3272,books-3272,books,82.64,404
3273,home-3273,home,84.01,411
3274,toys-3274,toys,85.38,418
3275,food-3275,food,86.75,425
3276,electronics-3276,electronics,88.12,432
3277,clothing-3277,clothing,89.49,439
3278,books-3278,books,90.86,446
3279,home-3279,home,92.23,453
3280,toys-3280,toys,93.60,460
3281,food-3281,food,94.97,467
3282,electronics-3282,electronics,96.34,474
3283,clothing-3283,clothing,97.71,481
3284,books-3284,books,99.08,488
3285,home-3285,home,0.45,495
3286,toys-3286,toys,1.82,2
3287,food-3287,food,3.19,9
3288,electronics-3288,electronics,4.56,16
3289,clothing-3289,clothing,5.93,23
3290,books-3290,books,7.30,30
3291,home-3291,home,8.67,37
3292,toys-3292,toys,10.04,44
3293,food-3293,food,11.41,51
3294,electronics-3294,electronics,12.78,58
3295,clothing-3295,clothing,14.15,65
3296,books-3296,books,15.52,72
3297,home-3297,home,16.89,79
3298,toys-3298,toys,18.26,86
3299,food-3299,food,19.63,93
3300,electronics-3300,electronics,21.00,100
3301,clothing-3301,clothing,22.37,107
3302,books-3302,books,23.74,114
3303,home-3303,home,25.11,121
3304,toys-3304,toys,26.48,128
3305,food-3305,food,27.85,135
3306,electronics-3306,electronics,29.22,142
3307,clothing-3307,clothing,30.59,149
3308,books-3308,books,31.96,156
3309,home-3309,home,33.33,163
3310,toys-3310,toys,34.70,170
3311,food-3311,food,36.07,177
3312,electronics-3312,electronics,37.44,184
3313,clothing-3313,clothing,38.81,191
3314,books-3314,books,40.18,198
3315,home-3315,home,41.55,205
3316,toys-3316,toys,42.92,212
3317,food-3317,food,44.29,219
3318,electronics-3318,electronics,45.66,226
3319,clothing-3319,clothing,47.03,233
3320,books-3320,books,48.40,240
3321,home-3321,home,49.77,247
3322,toys-3322,toys,51.14,254
3323,food-3323,food,52.51,261
3324,electronics-3324,electronics,53.88,268
3325,clothing-3325,clothing,55.25,275
3326,books-3326,books,56.62,282
3327,home-3327,home,57.99,289
3328,toys-3328,toys,59.36,296
3329,food-3329,food,60.73,303
3330,electronics-3330,electronics,62.10,310
3331,clothing-3331,clothing,63.47,317
3332,books-3332,books,64.84,324
3333,home-3333,home,66.21,331
3334,toys-3334,toys,67.58,338
3335,food-3335,food,68.95,345
3336,electronics-3336,electronics,70.32,352
3337,clothing-3337,clothing,71.69,359
3338,books-3338,books,73.06,366
3339,home-3339,home,74.43,373
3340,toys-3340,toys,75.80,380
3341,food-3341,food,77.17,387
3342,electronics-3342,electronics,78.54,394
3343,clothing-3343,clothing,79.91,401
3344,books-3344,books,81.28,408
3345,home-3345,home,82.65,415
3346,toys-3346,toys,84.02,422
3347,food-3347,food,85.39,429
3348,electronics-3348,electronics,86.76,436
3349,clothing-3349,clothing,88.13,443
3350,books-3350,books,89.50,450
3351,home-3351,home,90.87,457
3352,toys-3352,toys,92.24,464
3353,food-3353,food,93.61,471
3354,electronics-3354,electronics,94.98,478
3355,clothing-3355,clothing,96.35,485
3356,books-3356,books,97.72,492
3357,home-3357,home,99.09,499
3358,toys-3358,toys,0.46,6
3359,food-3359,food,1.83,13
3360,electronics-3360,electronics,3.20,20
3361,clothing-3361,clothing,4.57,27
3362,books-3362,books,5.94,34
3363,home-3363,home,7.31,41
3364,toys-3364,toys,8.68,48
3365,food-3365,food,10.05,55
3366,electronics-3366,electronics,11.42,62
3367,clothing-3367,clothing,12.79,69
3368,books-3368,books,14.16,76
3369,home-3369,home,15.53,83
3370,toys-3370,toys,16.90,90
3371,food-3371,food,18.27,97
3372,electronics-3372,electronics,19.64,104
3373,clothing-3373,clothing,21.01,111
3374,books-3374,books,22.38,118
3375,home-3375,home,23.75,125
3376,toys-3376,toys,25.12,132
3377,food-3377,food,26.49,139
3378,electronics-3378,electronics,27.86,146
3379,clothing-3379,clothing,29.23,153
3380,books-3380,books,30.60,160
3381,home-3381,home,31.97,167
3382,toys-3382,toys,33.34,174
3383,food-3383,food,34.71,181
3384,electronics-3384,electronics,36.08,188
3385,clothing-3385,clothing,37.45,195
3386,books-3386,books,38.82,202
3387,home-3387,home,40.19,209
3388,toys-3388,toys,41.56,216
3389,food-3389,food,42.93,223
3390,electronics-3390,electronics,44.30,230
3391,clothing-3391,clothing,45.67,237
3392,books-3392,books,47.04,244
3393,home-3393,home,48.41,251
3394,toys-3394,toys,49.78,258
3395,food-3395,food,51.15,265
3396,electronics-3396,electronics,52.52,272
3397,clothing-3397,clothing,53.89,279
3398,books-3398,books,55.26,286
3399,home-3399,home,56.63,293
3400,toys-3400,toys,58.00,300
3401,food-3401,food,59.37,307
3402,electronics-3402,electronics,60.74,314
3403,clothing-3403,clothing,62.11,321
3404,books-3404,books,63.48,328
3405,home-3405,home,64.85,335
3406,toys-3406,toys,66.22,342
3407,food-3407,food,67.59,349
3408,electronics-3408,electronics,68.96,356
3409,clothing-3409,clothing,70.33,363
3410,books-3410,books,71.70,370
3411,home-3411,home,73.07,377
3412,toys-3412,toys,74.44,384
3413,food-3413,food,75.81,391
3414,electronics-3414,electronics,77.18,398
3415,clothing-3415,clothing,78.55,405
3416,books-3416,books,79.92,412
3417,home-3417,home,81.29,419
3418,toys-3418,toys,82.66,426
3419,food-3419,food,84.03,433
3420,electronics-3420,electronics,85.40,440
3421,clothing-3421,clothing,86.77,447
3422,books-3422,books,88.14,454
3423,home-3423,home,89.51,461
3424,toys-3424,toys,90.88,468
3425,food-3425,food,92.25,475
3426,electronics-3426,electronics,93.62,482
3427,clothing-3427,clothing,94.99,489
3428,books-3428,books,96.36,496
3429,home-3429,home,97.73,3
3430,toys-3430,toys,99.10,10
3431,food-3431,food,0.47,17
3432,electronics-3432,electronics,1.84,24
3433,clothing-3433,clothing,3.21,31
3434,books-3434,books,4.58,38
3435,home-3435,home,5.95,45
3436,toys-3436,toys,7.32,52
3437,food-3437,food,8.69,59
3438,electronics-3438,electronics,10.06,66
3439,clothing-3439,clothing,11.43,73
3440,books-3440,books,12.80,80
3441,home-3441,home,14.17,87
3442,toys-3442,toys,15.54,94
3443,food-3443,food,16.91,101
3444,electronics-3444,electronics,18.28,108
3445,clothing-3445,clothing,19.65,115
3446,books-3446,books,21.02,122
3447,home-3447,home,22.39,129
3448,toys-3448,toys,23.76,136
3449,food-3449,food,25.13,143
3450,electronics-3450,electronics,26.50,150
3451,clothing-3451,clothing,27.87,157
3452,books-3452,books,29.24,164
3453,home-3453,home,30.61,171
3454,toys-3454,toys,31.98,178
3455,food-3455,food,33.35,185
3456,electronics-3456,electronics,34.72,192
3457,clothing-3457,clothing,36.09,199
3458,books-3458,books,37.46,206
3459,home-3459,home,38.83,213
3460,toys-3460,toys,40.20,220
3461,food-3461,food,41.57,227
3462,electronics-3462,electronics,42.94,234
3463,clothing-3463,clothing,44.31,241
3464,books-3464,books,45.68,248
3465,home-3465,home,47.05,255
3466,toys-3466,toys,48.42,262
3467,food-3467,food,49.79,269
3468,electronics-3468,electronics,51.16,276
3469,clothing-3469,clothing,52.53,283
3470,books-3470,books,53.90,290
3471,home-3471,home,55.27,297
3472,toys-3472,toys,56.64,304
3473,food-3473,food,58.01,311
3474,electronics-3474,electronics,59.38,318
3475,clothing-3475,clothing,60.75,325
3476,books-3476,books,62.12,332
3477,home-3477,home,63.49,339
3478,toys-3478,toys,64.86,346
3479,food-3479,food,66.23,353
3480,electronics-3480,electronics,67.60,360
3481,clothing-3481,clothing,68.97,367
3482,books-3482,books,70.34,374
3483,home-3483,home,71.71,381
3484,toys-3484,toys,73.08,388
3485,food-3485,food,74.45,395
3486,electronics-3486,electronics,75.82,402
3487,clothing-3487,clothing,77.19,409
3488,books-3488,books,78.56,416
3489,home-3489,home,79.93,423
3490,toys-3490,toys,81.30,430
3491,food-3491,food,82.67,437
3492,electronics-3492,electronics,84.04,444
3493,clothing-3493,clothing,85.41,451
3494,books-3494,books,86.78,458
3495,home-3495,home,88.15,465
3496,toys-3496,toys,89.52,472
3497,food-3497,food,90.89,479
3498,electronics-3498,electronics,92.26,486
3499,clothing-3499,clothing,93.63,493
3500,books-3500,books,95.00,0
3501,home-3501,home,96.37,7
3502,toys-3502,toys,97.74,14
3503,food-3503,food,99.11,21
3504,electronics-3504,electronics,0.48,28
3505,clothing-3505,clothing,1.85,35
3506,books-3506,books,3.22,42
3507,home-3507,home,4.59,49
3508,toys-3508,toys,5.96,56
3509,food-3509,food,7.33,63
3510,electronics-3510,electronics,8.70,70
3511,clothing-3511,clothing,10.07,77
3512,books-3512,books,11.44,84
3513,home-3513,home,12.81,91
3514,toys-3514,toys,14.18,98
3515,food-3515,food,15.55,105
3516,electronics-3516,electronics,16.92,112
3517,clothing-3517,clothing,18.29,119
3518,books-3518,books,19.66,126
3519,home-3519,home,21.03,133
3520,toys-3520,toys,22.40,140
3521,food-3521,food,23.77,147
3522,electronics-3522,electronics,25.14,154
3523,clothing-3523,clothing,26.51,161
3524,books-3524,books,27.88,168
3525,home-3525,home,29.25,175
3526,toys-3526,toys,30.62,182
3527,food-3527,food,31.99,189
3528,electronics-3528,electronics,33.36,196
3529,clothing-3529,clothing,34.73,203
3530,books-3530,books,36.10,210
3531,home-3531,home,37.47,217
3532,toys-3532,toys,38.84,224
3533,food-3533,food,40.21,231
3534,electronics-3534,electronics,41.58,238
3535,clothing-3535,clothing,42.95,245
3536,books-3536,books,44.32,252
3537,home-3537,home,45.69,259
3538,toys-3538,toys,47.06,266
3539,food-3539,food,48.43,273
3540,electronics-3540,electronics,49.80,280
3541,clothing-3541,clothing,51.17,287
3542,books-3542,books,52.54,294
3543,home-3543,home,53.91,301
3544,toys-3544,toys,55.28,308
3545,food-3545,food,56.65,315
3546,electronics-3546,electronics,58.02,322
3547,clothing-3547,clothing,59.39,329
3548,books-3548,books,60.76,336
3549,home-3549,home,62.13,343
3550,toys-3550,toys,63.50,350
3551,food-3551,food,64.87,357
3552,electronics-3552,electronics,66.24,364
3553,clothing-3553,clothing,67.61,371
3554,books-3554,books,68.98,378
3555,home-3555,home,70.35,385
3556,toys-3556,toys,71.72,392
3557,food-3557,food,73.09,399
3558,electronics-3558,electronics,74.46,406
3559,clothing-3559,clothing,75.83,413
3560,books-3560,books,77.20,420
3561,home-3561,home,78.57,427
3562,toys-3562,toys,79.94,434
3563,food-3563,food,81.31,441
3564,electronics-3564,electronics,82.68,448
3565,clothing-3565,clothing,84.05,455
3566,books-3566,books,85.42,462
3567,home-3567,home,86.79,469
3568,toys-3568,toys,88.16,476
3569,food-3569,food,89.53,483
3570,electronics-3570,electronics,90.90,490
3571,clothing-3571,clothing,92.27,497
3572,books-3572,books,93.64,4
3573,home-3573,home,95.01,11
3574,toys-3574,toys,96.38,18
3575,food-3575,food,97.75,25
3576,electronics-3576,electronics,99.12,32
3577,clothing-3577,clothing,0.49,39
3578,books-3578,books,1.86,46
3579,home-3579,home,3.23,53
3580,toys-3580,toys,4.60,60
3581,food-3581,food,5.97,67
3582,electronics-3582,electronics,7.34,74
3583,clothing-3583,clothing,8.71,81
3584,books-3584,books,10.08,88
3585,home-3585,home,11.45,95
3586,toys-3586,toys,12.82,102
3587,food-3587,food,14.19,109
3588,electronics-3588,electronics,15.56,116
3589,clothing-3589,clothing,16.93,123
3590,books-3590,books,18.30,130
3591,home-3591,home,19.67,137
3592,toys-3592,toys,21.04,144
3593,food-3593,food,22.41,151
3594,electronics-3594,electronics,23.78,158
3595,clothing-3595,clothing,25.15,165
3596,books-3596,books,26.52,172
3597,home-3597,home,27.89,179
3598,toys-3598,toys,29.26,186
3599,food-3599,food,30.63,193
3600,electronics-3600,electronics,32.00,200
3601,clothing-3601,clothing,33.37,207
3602,books-3602,books,34.74,214
3603,home-3603,home,36.11,221
3604,toys-3604,toys,37.48,228
3605,food-3605,food,38.85,235
3606,electronics-3606,electronics,40.22,242
3607,clothing-3607,clothing,41.59,249
3608,books-3608,books,42.96,256
3609,home-3609,home,44.33,263
3610,toys-3610,toys,45.70,270
3611,food-3611,food,47.07,277
3612,electronics-3612,electronics,48.44,284
3613,clothing-3613,clothing,49.81,291
3614,books-3614,books,51.18,298
3615,home-3615,home,52.55,305
3616,toys-3616,toys,53.92,312
3617,food-3617,food,55.29,319
3618,electronics-3618,electronics,56.66,326
3619,clothing-3619,clothing,58.03,333
3620,books-3620,books,59.40,340
3621,home-3621,home,60.77,347
3622,toys-3622,toys,62.14,354
3623,food-3623,food,63.51,361
3624,electronics-3624,electronics,64.88,368
3625,clothing-3625,clothing,66.25,375
3626,books-3626,books,67.62,382
3627,home-3627,home,68.99,389
3628,toys-3628,toys,70.36,396
3629,food-3629,food,71.73,403
3630,electronics-3630,electronics,73.10,410
3631,clothing-3631,clothing,74.47,417
3632,books-3632,books,75.84,424
3633,home-3633,home,77.21,431
3634,toys-3634,toys,78.58,438
3635,food-3635,food,79.95,445
3636,electronics-3636,electronics,81.32,452
3637,clothing-3637,clothing,82.69,459
3638,books-3638,books,84.06,466
3639,home-3639,home,85.43,473
3640,toys-3640,toys,86.80,480
3641,food-3641,food,88.17,487
3642,electronics-3642,electronics,89.54,494
3643,clothing-3643,clothing,90.91,1
3644,books-3644,books,92.28,8
3645,home-3645,home,93.65,15
3646,toys-3646,toys,95.02,22
3647,food-3647,food,96.39,29
3648,electronics-3648,electronics,97.76,36
3649,clothing-3649,clothing,99.13,43
3650,books-3650,books,0.50,50
3651,home-3651,home,1.87,57
3652,toys-3652,toys,3.24,64
3653,food-3653,food,4.61,71
3654,electronics-3654,electronics,5.98,78
3655,clothing-3655,clothing,7.35,85
3656,books-3656,books,8.72,92
3657,home-3657,home,10.09,99
3658,toys-3658,toys,11.46,106
3659,food-3659,food,12.83,113
3660,electronics-3660,electronics,14.20,120
3661,clothing-3661,clothing,15.57,127
3662,books-3662,books,16.94,134
3663,home-3663,home,18.31,141
3664,toys-3664,toys,19.68,148
3665,food-3665,food,21.05,155
3666,electronics-3666,electronics,22.42,162
3667,clothing-3667,clothing,23.79,169
3668,books-3668,books,25.16,176
3669,home-3669,home,26.53,183
3670,toys-3670,toys,27.90,190
3671,food-3671,food,29.27,197
3672,electronics-3672,electronics,30.64,204
3673,clothing-3673,clothing,32.01,211
3674,books-3674,books,33.38,218
3675,home-3675,home,34.75,225
3676,toys-3676,toys,36.12,232
3677,food-3677,food,37.49,239
3678,electronics-3678,electronics,38.86,246
3679,clothing-3679,clothing,40.23,253
3680,books-3680,books,41.60,260
3681,home-3681,home,42.97,267
3682,toys-3682,toys,44.34,274
3683,food-3683,food,45.71,281
3684,electronics-3684,electronics,47.08,288
3685,clothing-3685,clothing,48.45,295
3686,books-3686,books,49.82,302
3687,home-3687,home,51.19,309
3688,toys-3688,toys,52.56,316
3689,food-3689,food,53.93,323
3690,electronics-3690,electronics,55.30,330
3691,clothing-3691,clothing,56.67,337
3692,books-3692,books,58.04,344
3693,home-3693,home,59.41,351
3694,toys-3694,toys,60.78,358
3695,food-3695,food,62.15,365
3696,electronics-3696,electronics,63.52,372
3697,clothing-3697,clothing,64.89,379
3698,books-3698,books,66.26,386
3699,home-3699,home,67.63,393
3700,toys-3700,toys,69.00,400
3701,food-3701,food,70.37,407
3702,electronics-3702,electronics,71.74,414
3703,clothing-3703,clothing,73.11,421
3704,books-3704,books,74.48,428
3705,home-3705,home,75.85,435
3706,toys-3706,toys,77.22,442
3707,food-3707,food,78.59,449
3708,electronics-3708,electronics,79.96,456
3709,clothing-3709,clothing,81.33,463
3710,books-3710,books,82.70,470
3711,home-3711,home,84.07,477
3712,toys-3712,toys,85.44,484
3713,food-3713,food,86.81,491
3714,electronics-3714,electronics,88.18,498
3715,clothing-3715,clothing,89.55,5
3716,books-3716,books,90.92,12
3717,home-3717,home,92.29,19
3718,toys-3718,toys,93.66,26
3719,food-3719,food,95.03,33
3720,electronics-3720,electronics,96.40,40
3721,clothing-3721,clothing,97.77,47
3722,books-3722,books,99.14,54
3723,home-3723,home,0.51,61
3724,toys-3724,toys,1.88,68
3725,food-3725,food,3.25,75
3726,electronics-3726,electronics,4.62,82
3727,clothing-3727,clothing,5.99,89
3728,books-3728,books,7.36,96
3729,home-3729,home,8.73,103
3730,toys-3730,toys,10.10,110
3731,food-3731,food,11.47,117
3732,electronics-3732,electronics,12.84,124
3733,clothing-3733,clothing,14.21,131
3734,books-3734,books,15.58,138
3735,home-3735,home,16.95,145
3736,toys-3736,toys,18.32,152
3737,food-3737,food,19.69,159
3738,electronics-3738,electronics,21.06,166
3739,clothing-3739,clothing,22.43,173
3740,books-3740,books,23.80,180
3741,home-3741,home,25.17,187
3742,toys-3742,toys,26.54,194
3743,food-3743,food,27.91,201
3744,electronics-3744,electronics,29.28,208
3745,clothing-3745,clothing,30.65,215
3746,books-3746,books,32.02,222
3747,home-3747,home,33.39,229
3748,toys-3748,toys,34.76,236
3749,food-3749,food,36.13,243
3750,electronics-3750,electronics,37.50,250
3751,clothing-3751,clothing,38.87,257
3752,books-3752,books,40.24,264
3753,home-3753,home,41.61,271
3754,toys-3754,toys,42.98,278
3755,food-3755,food,44.35,285
3756,electronics-3756,electronics,45.72,292
3757,clothing-3757,clothing,47.09,299
3758,books-3758,books,48.46,306
3759,home-3759,home,49.83,313
3760,toys-3760,toys,51.20,320
3761,food-3761,food,52.57,327
3762,electronics-3762,electronics,53.94,334
3763,clothing-3763,clothing,55.31,341
3764,books-3764,books,56.68,348
3765,home-3765,home,58.05,355
3766,toys-3766,toys,59.42,362
3767,food-3767,food,60.79,369
3768,electronics-3768,electronics,62.16,376
3769,clothing-3769,clothing,63.53,383
3770,books-3770,books,64.90,390
3771,home-3771,home,66.27,397
3772,toys-3772,toys,67.64,404
3773,food-3773,food,69.01,411
3774,electronics-3774,electronics,70.38,418
3775,clothing-3775,clothing,71.75,425
3776,books-3776,books,73.12,432
3777,home-3777,home,74.49,439
3778,toys-3778,toys,75.86,446
3779,food-3779,food,77.23,453
3780,electronics-3780,electronics,78.60,460
3781,clothing-3781,clothing,79.97,467
3782,books-3782,books,81.34,474
3783,home-3783,home,82.71,481
3784,toys-3784,toys,84.08,488
3785,food-3785,food,85.45,495
3786,electronics-3786,electronics,86.82,2
3787,clothing-3787,clothing,88.19,9
3788,books-3788,books,89.56,16
3789,home-3789,home,90.93,23
3790,toys-3790,toys,92.30,30
3791,food-3791,food,93.67,37
3792,electronics-3792,electronics,95.04,44
3793,clothing-3793,clothing,96.41,51
3794,books-3794,books,97.78,58
3795,home-3795,home,99.15,65
3796,toys-3796,toys,0.52,72
3797,food-3797,food,1.89,79
3798,electronics-3798,electronics,3.26,86
3799,clothing-3799,clothing,4.63,93
3800,books-3800,books,6.00,100
3801,home-3801,home,7.37,107
3802,toys-3802,toys,8.74,114
3803,food-3803,food,10.11,121
3804,electronics-3804,electronics,11.48,128
3805,clothing-3805,clothing,12.85,135
3806,books-3806,books,14.22,142
3807,home-3807,home,15.59,149
3808,toys-3808,toys,16.96,156
3809,food-3809,food,18.33,163
3810,electronics-3810,electronics,19.70,170
3811,clothing-3811,clothing,21.07,177
3812,books-3812,books,22.44,184
3813,home-3813,home,23.81,191
3814,toys-3814,toys,25.18,198
3815,food-3815,food,26.55,205
3816,electronics-3816,electronics,27.92,212
3817,clothing-3817,clothing,29.29,219
3818,books-3818,books,30.66,226
3819,home-3819,home,32.03,233
3820,toys-3820,toys,33.40,240
3821,food-3821,food,34.77,247
3822,electronics-3822,electronics,36.14,254
3823,clothing-3823,clothing,37.51,261
3824,books-3824,books,38.88,268
3825,home-3825,home,40.25,275
3826,toys-3826,toys,41.62,282
3827,food-3827,food,42.99,289
3828,electronics-3828,electronics,44.36,296
3829,clothing-3829,clothing,45.73,303
3830,books-3830,books,47.10,310
3831,home-3831,home,48.47,317
3832,toys-3832,toys,49.84,324
3833,food-3833,food,51.21,331
3834,electronics-3834,electronics,52.58,338
3835,clothing-3835,clothing,53.95,345
3836,books-3836,books,55.32,352
3837,home-3837,home,56.69,359
3838,toys-3838,toys,58.06,366
3839,food-3839,food,59.43,373
3840,electronics-3840,electronics,60.80,380
3841,clothing-3841,clothing,62.17,387
3842,books-3842,books,63.54,394
3843,home-3843,home,64.91,401
3844,toys-3844,toys,66.28,408
3845,food-3845,food,67.65,415
3846,electronics-3846,electronics,69.02,422
3847,clothing-3847,clothing,70.39,429
3848,books-3848,books,71.76,436
3849,home-3849,home,73.13,443
3850,toys-3850,toys,74.50,450
3851,food-3851,food,75.87,457
3852,electronics-3852,electronics,77.24,464
3853,clothing-3853,clothing,78.61,471
3854,books-3854,books,79.98,478
3855,home-3855,home,81.35,485
3856,toys-3856,toys,82.72,492
3857,food-3857,food,84.09,499
3858,electronics-3858,electronics,85.46,6
3859,clothing-3859,clothing,86.83,13
3860,books-3860,books,88.20,20
3861,home-3861,home,89.57,27
3862,toys-3862,toys,90.94,34
3863,food-3863,food,92.31,41
3864,electronics-3864,electronics,93.68,48
3865,clothing-3865,clothing,95.05,55
3866,books-3866,books,96.42,62
3867,home-3867,home,97.79,69
3868,toys-3868,toys,99.16,76
3869,food-3869,food,0.53,83
3870,electronics-3870,electronics,1.90,90
3871,clothing-3871,clothing,3.27,97
3872,books-3872,books,4.64,104
3873,home-3873,home,6.01,111
3874,toys-3874,toys,7.38,118
3875,food-3875,food,8.75,125
3876,electronics-3876,electronics,10.12,132
3877,clothing-3877,clothing,11.49,139
3878,books-3878,books,12.86,146
3879,home-3879,home,14.23,153
3880,toys-3880,toys,15.60,160
3881,food-3881,food,16.97,167
3882,electronics-3882,electronics,18.34,174
3883,clothing-3883,clothing,19.71,181
3884,books-3884,books,21.08,188
3885,home-3885,home,22.45,195
3886,toys-3886,toys,23.82,202
3887,food-3887,food,25.19,209
3888,electronics-3888,electronics,26.56,216
3889,clothing-3889,clothing,27.93,223
3890,books-3890,books,29.30,230
3891,home-3891,home,30.67,237
3892,toys-3892,toys,32.04,244
3893,food-3893,food,33.41,251
3894,electronics-3894,electronics,34.78,258
3895,clothing-3895,clothing,36.15,265
3896,books-3896,books,37.52,272
3897,home-3897,home,38.89,279
3898,toys-3898,toys,40.26,286
3899,food-3899,food,41.63,293
3900,electronics-3900,electronics,43.00,300
3901,clothing-3901,clothing,44.37,307
3902,books-3902,books,45.74,314
3903,home-3903,home,47.11,321
3904,toys-3904,toys,48.48,328
3905,food-3905,food,49.85,335
3906,electronics-3906,electronics,51.22,342
3907,clothing-3907,clothing,52.59,349
3908,books-3908,books,53.96,356
3909,home-3909,home,55.33,363
3910,toys-3910,toys,56.70,370
3911,food-3911,food,58.07,377
3912,electronics-3912,electronics,59.44,384
3913,clothing-3913,clothing,60.81,391
3914,books-3914,books,62.18,398
3915,home-3915,home,63.55,405
3916,toys-3916,toys,64.92,412
3917,food-3917,food,66.29,419
3918,electronics-3918,electronics,67.66,426
3919,clothing-3919,clothing,69.03,433
3920,books-3920,books,70.40,440
3921,home-3921,home,71.77,447
3922,toys-3922,toys,73.14,454
3923,food-3923,food,74.51,461
3924,electronics-3924,electronics,75.88,468
3925,clothing-3925,clothing,77.25,475
3926,books-3926,books,78.62,482
3927,home-3927,home,79.99,489
3928,toys-3928,toys,81.36,496
3929,food-3929,food,82.73,3
3930,electronics-3930,electronics,84.10,10
3931,clothing-3931,clothing,85.47,17
3932,books-3932,books,86.84,24
3933,home-3933,home,88.21,31
3934,toys-3934,toys,89.58,38
3935,food-3935,food,90.95,45
3936,electronics-3936,electronics,92.32,52
3937,clothing-3937,clothing,93.69,59
3938,books-3938,books,95.06,66
3939,home-3939,home,96.43,73
3940,toys-3940,toys,97.80,80
3941,food-3941,food,99.17,87
3942,electronics-3942,electronics,0.54,94
3943,clothing-3943,clothing,1.91,101
3944,books-3944,books,3.28,108
3945,home-3945,home,4.65,115
3946,toys-3946,toys,6.02,122
3947,food-3947,food,7.39,129
3948,electronics-3948,electronics,8.76,136
3949,clothing-3949,clothing,10.13,143
3950,books-3950,books,11.50,150
3951,home-3951,home,12.87,157
3952,toys-3952,toys,14.24,164
3953,food-3953,food,15.61,171
3954,electronics-3954,electronics,16.98,178
3955,clothing-3955,clothing,18.35,185
3956,books-3956,books,19.72,192
3957,home-3957,home,21.09,199
3958,toys-3958,toys,22.46,206
3959,food-3959,food,23.83,213
3960,electronics-3960,electronics,25.20,220
3961,clothing-3961,clothing,26.57,227
3962,books-3962,books,27.94,234
3963,home-3963,home,29.31,241
3964,toys-3964,toys,30.68,248
3965,food-3965,food,32.05,255
3966,electronics-3966,electronics,33.42,262
3967,clothing-3967,clothing,34.79,269
3968,books-3968,books,36.16,276
3969,home-3969,home,37.53,283
3970,toys-3970,toys,38.90,290
3971,food-3971,food,40.27,297
3972,electronics-3972,electronics,41.64,304
3973,clothing-3973,clothing,43.01,311
3974,books-3974,books,44.38,318
3975,home-3975,home,45.75,325
3976,toys-3976,toys,47.12,332
3977,food-3977,food,48.49,339
3978,electronics-3978,electronics,49.86,346
3979,clothing-3979,clothing,51.23,353
3980,books-3980,books,52.60,360
3981,home-3981,home,53.97,367
3982,toys-3982,toys,55.34,374
3983,food-3983,food,56.71,381
3984,electronics-3984,electronics,58.08,388
3985,clothing-3985,clothing,59.45,395
3986,books-3986,books,60.82,402
3987,home-3987,home,62.19,409
3988,toys-3988,toys,63.56,416
3989,food-3989,food,64.93,423
3990,electronics-3990,electronics,66.30,430
3991,clothing-3991,clothing,67.67,437
3992,books-3992,books,69.04,444
3993,home-3993,home,70.41,451
3994,toys-3994,toys,71.78,458
3995,food-3995,food,73.15,465
3996,electronics-3996,electronics,74.52,472
3997,clothing-3997,clothing,75.89,479
3998,books-3998,books,77.26,486
3999,home-3999,home,78.63,493
4000,toys-4000,toys,80.00,0
4001,food-4001,food,81.37,7
4002,electronics-4002,electronics,82.74,14
4003,clothing-4003,clothing,84.11,21
4004,books-4004,books,85.48,28
4005,home-4005,home,86.85,35
4006,toys-4006,toys,88.22,42
4007,food-4007,food,89.59,49
4008,electronics-4008,electronics,90.96,56
4009,clothing-4009,clothing,92.33,63
4010,books-4010,books,93.70,70
4011,home-4011,home,95.07,77
4012,toys-4012,toys,96.44,84
4013,food-4013,food,97.81,91
4014,electronics-4014,electronics,99.18,98
4015,clothing-4015,clothing,0.55,105
4016,books-4016,books,1.92,112
4017,home-4017,home,3.29,119
4018,toys-4018,toys,4.66,126
4019,food-4019,food,6.03,133
4020,electronics-4020,electronics,7.40,140
4021,clothing-4021,clothing,8.77,147
4022,books-4022,books,10.14,154
4023,home-4023,home,11.51,161
4024,toys-4024,toys,12.88,168
4025,food-4025,food,14.25,175
4026,electronics-4026,electronics,15.62,182
4027,clothing-4027,clothing,16.99,189
4028,books-4028,books,18.36,196
4029,home-4029,home,19.73,203
4030,toys-4030,toys,21.10,210
4031,food-4031,food,22.47,217
4032,electronics-4032,electronics,23.84,224
4033,clothing-4033,clothing,25.21,231
4034,books-4034,books,26.58,238
4035,home-4035,home,27.95,245
4036,toys-4036,toys,29.32,252
4037,food-4037,food,30.69,259
4038,electronics-4038,electronics,32.06,266
4039,clothing-4039,clothing,33.43,273
4040,books-4040,books,34.80,280
4041,home-4041,home,36.17,287
4042,toys-4042,toys,37.54,294
4043,food-4043,food,38.91,301
4044,electronics-4044,electronics,40.28,308
4045,clothing-4045,clothing,41.65,315
4046,books-4046,books,43.02,322
4047,home-4047,home,44.39,329
4048,toys-4048,toys,45.76,336
4049,food-4049,food,47.13,343
4050,electronics-4050,electronics,48.50,350
4051,clothing-4051,clothing,49.87,357
4052,books-4052,books,51.24,364
4053,home-4053,home,52.61,371
4054,toys-4054,toys,53.98,378
4055,food-4055,food,55.35,385
4056,electronics-4056,electronics,56.72,392
4057,clothing-4057,clothing,58.09,399
4058,books-4058,books,59.46,406
4059,home-4059,home,60.83,413
4060,toys-4060,toys,62.20,420
4061,food-4061,food,63.57,427
4062,electronics-4062,electronics,64.94,434
4063,clothing-4063,clothing,66.31,441
4064,books-4064,books,67.68,448
4065,home-4065,home,69.05,455
4066,toys-4066,toys,70.42,462
4067,food-4067,food,71.79,469
4068,electronics-4068,electronics,73.16,476
4069,clothing-4069,clothing,74.53,483
4070,books-4070,books,75.90,490
4071,home-4071,home,77.27,497
4072,toys-4072,toys,78.64,4
4073,food-4073,food,80.01,11
4074,electronics-4074,electronics,81.38,18
4075,clothing-4075,clothing,82.75,25
4076,books-4076,books,84.12,32
4077,home-4077,home,85.49,39
4078,toys-4078,toys,86.86,46
4079,food-4079,food,88.23,53
4080,electronics-4080,electronics,89.60,60
4081,clothing-4081,clothing,90.97,67
4082,books-4082,books,92.34,74
4083,home-4083,home,93.71,81
4084,toys-4084,toys,95.08,88
4085,food-4085,food,96.45,95
4086,electronics-4086,electronics,97.82,102
4087,clothing-4087,clothing,99.19,109
4088,books-4088,books,0.56,116
4089,home-4089,home,1.93,123
4090,toys-4090,toys,3.30,130
4091,food-4091,food,4.67,137
4092,electronics-4092,electronics,6.04,144
4093,clothing-4093,clothing,7.41,151
4094,books-4094,books,8.78,158
4095,home-4095,home,10.15,165
4096,toys-4096,toys,11.52,172
4097,food-4097,food,12.89,179
4098,electronics-4098,electronics,14.26,186
4099,clothing-4099,clothing,15.63,193
4100,books-4100,books,17.00,200
4101,home-4101,home,18.37,207
4102,toys-4102,toys,19.74,214
4103,food-4103,food,21.11,221
4104,electronics-4104,electronics,22.48,228
4105,clothing-4105,clothing,23.85,235
4106,books-4106,books,25.22,242
4107,home-4107,home,26.59,249
4108,toys-4108,toys,27.96,256
4109,food-4109,food,29.33,263
4110,electronics-4110,electronics,30.70,270
4111,clothing-4111,clothing,32.07,277
4112,books-4112,books,33.44,284
4113,home-4113,home,34.81,291
4114,toys-4114,toys,36.18,298
4115,food-4115,food,37.55,305
4116,electronics-4116,electronics,38.92,312
4117,clothing-4117,clothing,40.29,319
4118,books-4118,books,41.66,326
4119,home-4119,home,43.03,333
4120,toys-4120,toys,44.40,340
4121,food-4121,food,45.77,347
4122,electronics-4122,electronics,47.14,354
4123,clothing-4123,clothing,48.51,361
4124,books-4124,books,49.88,368
4125,home-4125,home,51.25,375
4126,toys-4126,toys,52.62,382
4127,food-4127,food,53.99,389
4128,electronics-4128,electronics,55.36,396
4129,clothing-4129,clothing,56.73,403
4130,books-4130,books,58.10,410
4131,home-4131,home,59.47,417
4132,toys-4132,toys,60.84,424
4133,food-4133,food,62.21,431
4134,electronics-4134,electronics,63.58,438
4135,clothing-4135,clothing,64.95,445
4136,books-4136,books,66.32,452
4137,home-4137,home,67.69,459
4138,toys-4138,toys,69.06,466
4139,food-4139,food,70.43,473
4140,electronics-4140,electronics,71.80,480
4141,clothing-4141,clothing,73.17,487
4142,books-4142,books,74.54,494
4143,home-4143,home,75.91,1
4144,toys-4144,toys,77.28,8
4145,food-4145,food,78.65,15
4146,electronics-4146,electronics,80.02,22
4147,clothing-4147,clothing,81.39,29
4148,books-4148,books,82.76,36
4149,home-4149,home,84.13,43
4150,toys-4150,toys,85.50,50
4151,food-4151,food,86.87,57
4152,electronics-4152,electronics,88.24,64
4153,clothing-4153,clothing,89.61,71
4154,books-4154,books,90.98,78
4155,home-4155,home,92.35,85
4156,toys-4156,toys,93.72,92
4157,food-4157,food,95.09,99
4158,electronics-4158,electronics,96.46,106
4159,clothing-4159,clothing,97.83,113
4160,books-4160,books,99.20,120
4161,home-4161,home,0.57,127
4162,toys-4162,toys,1.94,134
4163,food-4163,food,3.31,141
4164,electronics-4164,electronics,4.68,148
4165,clothing-4165,clothing,6.05,155
4166,books-4166,books,7.42,162
4167,home-4167,home,8.79,169
4168,toys-4168,toys,10.16,176
4169,food-4169,food,11.53,183
4170,electronics-4170,electronics,12.90,190
4171,clothing-4171,clothing,14.27,197
4172,books-4172,books,15.64,204
4173,home-4173,home,17.01,211
4174,toys-4174,toys,18.38,218
4175,food-4175,food,19.75,225
4176,electronics-4176,electronics,21.12,232
4177,clothing-4177,clothing,22.49,239
4178,books-4178,books,23.86,246
4179,home-4179,home,25.23,253
4180,toys-4180,toys,26.60,260
4181,food-4181,food,27.97,267
4182,electronics-4182,electronics,29.34,274
4183,clothing-4183,clothing,30.71,281
4184,books-4184,books,32.08,288
4185,home-4185,home,33.45,295
4186,toys-4186,toys,34.82,302
4187,food-4187,food,36.19,309
4188,electronics-4188,electronics,37.56,316
4189,clothing-4189,clothing,38.93,323
4190,books-4190,books,40.30,330
4191,home-4191,home,41.67,337
4192,toys-4192,toys,43.04,344
4193,food-4193,food,44.41,351
4194,electronics-4194,electronics,45.78,358
4195,clothing-4195,clothing,47.15,365
4196,books-4196,books,48.52,372
4197,home-4197,home,49.89,379
4198,toys-4198,toys,51.26,386
4199,food-4199,food,52.63,393
4200,electronics-4200,electronics,54.00,400
4201,clothing-4201,clothing,55.37,407
4202,books-4202,books,56.74,414
4203,home-4203,home,58.11,421
4204,toys-4204,toys,59.48,428
4205,food-4205,food,60.85,435
4206,electronics-4206,electronics,62.22,442
4207,clothing-4207,clothing,63.59,449
4208,books-4208,books,64.96,456
4209,home-4209,home,66.33,463
4210,toys-4210,toys,67.70,470
4211,food-4211,food,69.07,477
4212,electronics-4212,electronics,70.44,484
4213,clothing-4213,clothing,71.81,491
4214,books-4214,books,73.18,498
4215,home-4215,home,74.55,5
4216,toys-4216,toys,75.92,12
4217,food-4217,food,77.29,19
4218,electronics-4218,electronics,78.66,26
4219,clothing-4219,clothing,80.03,33
4220,books-4220,books,81.40,40
4221,home-4221,home,82.77,47
4222,toys-4222,toys,84.14,54
4223,food-4223,food,85.51,61
4224,electronics-4224,electronics,86.88,68
4225,clothing-4225,clothing,88.25,75
4226,books-4226,books,89.62,82
4227,home-4227,home,90.99,89
4228,toys-4228,toys,92.36,96
4229,food-4229,food,93.73,103
4230,electronics-4230,electronics,95.10,110
4231,clothing-4231,clothing,96.47,117
4232,books-4232,books,97.84,124
4233,home-4233,home,99.21,131
4234,toys-4234,toys,0.58,138
4235,food-4235,food,1.95,145
4236,electronics-4236,electronics,3.32,152
4237,clothing-4237,clothing,4.69,159
4238,books-4238,books,6.06,166
4239,home-4239,home,7.43,173
4240,toys-4240,toys,8.80,180
4241,food-4241,food,10.17,187
4242,electronics-4242,electronics,11.54,194
4243,clothing-4243,clothing,12.91,201
4244,books-4244,books,14.28,208
4245,home-4245,home,15.65,215
4246,toys-4246,toys,17.02,222
4247,food-4247,food,18.39,229
4248,electronics-4248,electronics,19.76,236
4249,clothing-4249,clothing,21.13,243
4250,books-4250,books,22.50,250
4251,home-4251,home,23.87,257
4252,toys-4252,toys,25.24,264
4253,food-4253,food,26.61,271
4254,electronics-4254,electronics,27.98,278
4255,clothing-4255,clothing,29.35,285
4256,books-4256,books,30.72,292
4257,home-4257,home,32.09,299
4258,toys-4258,toys,33.46,306
4259,food-4259,food,34.83,313
4260,electronics-4260,electronics,36.20,320
4261,clothing-4261,clothing,37.57,327
4262,books-4262,books,38.94,334
4263,home-4263,home,40.31,341
4264,toys-4264,toys,41.68,348
4265,food-4265,food,43.05,355
4266,electronics-4266,electronics,44.42,362
4267,clothing-4267,clothing,45.79,369
4268,books-4268,books,47.16,376
4269,home-4269,home,48.53,383
4270,toys-4270,toys,49.90,390
4271,food-4271,food,51.27,397
4272,electronics-4272,electronics,52.64,404
4273,clothing-4273,clothing,54.01,411
4274,books-4274,books,55.38,418
4275,home-4275,home,56.75,425
4276,toys-4276,toys,58.12,432
4277,food-4277,food,59.49,439
4278,electronics-4278,electronics,60.86,446
4279,clothing-4279,clothing,62.23,453
4280,books-4280,books,63.60,460
4281,home-4281,home,64.97,467
4282,toys-4282,toys,66.34,474
4283,food-4283,food,67.71,481
4284,electronics-4284,electronics,69.08,488
4285,clothing-4285,clothing,70.45,495
4286,books-4286,books,71.82,2
4287,home-4287,home,73.19,9
4288,toys-4288,toys,74.56,16
4289,food-4289,food,75.93,23
4290,electronics-4290,electronics,77.30,30
4291,clothing-4291,clothing,78.67,37
4292,books-4292,books,80.04,44
4293,home-4293,home,81.41,51
4294,toys-4294,toys,82.78,58
4295,food-4295,food,84.15,65
4296,electronics-4296,electronics,85.52,72
4297,clothing-4297,clothing,86.89,79
4298,books-4298,books,88.26,86
4299,home-4299,home,89.63,93
4300,toys-4300,toys,91.00,100
4301,food-4301,food,92.37,107
4302,electronics-4302,electronics,93.74,114
4303,clothing-4303,clothing,95.11,121
4304,books-4304,books,96.48,128
4305,home-4305,home,97.85,135
4306,toys-4306,toys,99.22,142
4307,food-4307,food,0.59,149
4308,electronics-4308,electronics,1.96,156
4309,clothing-4309,clothing,3.33,163
4310,books-4310,books,4.70,170
4311,home-4311,home,6.07,177
4312,toys-4312,toys,7.44,184
4313,food-4313,food,8.81,191
4314,electronics-4314,electronics,10.18,198
4315,clothing-4315,clothing,11.55,205
4316,books-4316,books,12.92,212
4317,home-4317,home,14.29,219
4318,toys-4318,toys,15.66,226
4319,food-4319,food,17.03,233
4320,electronics-4320,electronics,18.40,240
4321,clothing-4321,clothing,19.77,247
4322,books-4322,books,21.14,254
4323,home-4323,home,22.51,261
4324,toys-4324,toys,23.88,268
4325,food-4325,food,25.25,275
4326,electronics-4326,electronics,26.62,282
4327,clothing-4327,clothing,27.99,289
4328,books-4328,books,29.36,296
4329,home-4329,home,30.73,303
4330,toys-4330,toys,32.10,310
4331,food-4331,food,33.47,317
4332,electronics-4332,electronics,34.84,324
4333,clothing-4333,clothing,36.21,331
4334,books-4334,books,37.58,338
4335,home-4335,home,38.95,345
4336,toys-4336,toys,40.32,352
4337,food-4337,food,41.69,359
4338,electronics-4338,electronics,43.06,366
4339,clothing-4339,clothing,44.43,373
4340,books-4340,books,45.80,380
4341,home-4341,home,47.17,387
4342,toys-4342,toys,48.54,394
4343,food-4343,food,49.91,401
4344,electronics-4344,electronics,51.28,408
4345,clothing-4345,clothing,52.65,415
4346,books-4346,books,54.02,422
4347,home-4347,home,55.39,429
4348,toys-4348,toys,56.76,436
4349,food-4349,food,58.13,443
4350,electronics-4350,electronics,59.50,450
4351,clothing-4351,clothing,60.87,457
4352,books-4352,books,62.24,464
4353,home-4353,home,63.61,471
4354,toys-4354,toys,64.98,478
4355,food-4355,food,66.35,485
4356,electronics-4356,electronics,67.72,492
4357,clothing-4357,clothing,69.09,499
4358,books-4358,books,70.46,6
4359,home-4359,home,71.83,13
4360,toys-4360,toys,73.20,20
4361,food-4361,food,74.57,27
4362,electronics-4362,electronics,75.94,34
4363,clothing-4363,clothing,77.31,41
4364,books-4364,books,78.68,48
4365,home-4365,home,80.05,55
4366,toys-4366,toys,81.42,62
4367,food-4367,food,82.79,69
4368,electronics-4368,electronics,84.16,76
4369,clothing-4369,clothing,85.53,83
4370,books-4370,books,86.90,90
4371,home-4371,home,88.27,97
4372,toys-4372,toys,89.64,104
4373,food-4373,food,91.01,111
4374,electronics-4374,electronics,92.38,118
4375,clothing-4375,clothing,93.75,125
4376,books-4376,books,95.12,132
4377,home-4377,home,96.49,139
4378,toys-4378,toys,97.86,146
4379,food-4379,food,99.23,153
4380,electronics-4380,electronics,0.60,160
4381,clothing-4381,clothing,1.97,167
4382,books-4382,books,3.34,174
4383,home-4383,home,4.71,181
4384,toys-4384,toys,6.08,188
4385,food-4385,food,7.45,195
4386,electronics-4386,electronics,8.82,202
4387,clothing-4387,clothing,10.19,209
4388,books-4388,books,11.56,216
4389,home-4389,home,12.93,223
4390,toys-4390,toys,14.30,230
4391,food-4391,food,15.67,237
4392,electronics-4392,electronics,17.04,244
4393,clothing-4393,clothing,18.41,251
4394,books-4394,books,19.78,258
4395,home-4395,home,21.15,265
4396,toys-4396,toys,22.52,272
4397,food-4397,food,23.89,279
4398,electronics-4398,electronics,25.26,286
4399,clothing-4399,clothing,26.63,293
4400,books-4400,books,28.00,300
4401,home-4401,home,29.37,307
4402,toys-4402,toys,30.74,314
4403,food-4403,food,32.11,321
4404,electronics-4404,electronics,33.48,328
4405,clothing-4405,clothing,34.85,335
4406,books-4406,books,36.22,342
4407,home-4407,home,37.59,349
4408,toys-4408,toys,38.96,356
4409,food-4409,food,40.33,363
4410,electronics-4410,electronics,41.70,370
4411,clothing-4411,clothing,43.07,377
4412,books-4412,books,44.44,384
4413,home-4413,home,45.81,391
4414,toys-4414,toys,47.18,398
4415,food-4415,food,48.55,405
4416,electronics-4416,electronics,49.92,412
4417,clothing-4417,clothing,51.29,419
4418,books-4418,books,52.66,426
4419,home-4419,home,54.03,433
4420,toys-4420,toys,55.40,440
4421,food-4421,food,56.77,447
4422,electronics-4422,electronics,58.14,454
4423,clothing-4423,clothing,59.51,461
4424,books-4424,books,60.88,468
4425,home-4425,home,62.25,475
4426,toys-4426,toys,63.62,482
4427,food-4427,food,64.99,489
4428,electronics-4428,electronics,66.36,496
4429,clothing-4429,clothing,67.73,3
4430,books-4430,books,69.10,10
4431,home-4431,home,70.47,17
4432,toys-4432,toys,71.84,24
4433,food-4433,food,73.21,31
4434,electronics-4434,electronics,74.58,38
4435,clothing-4435,clothing,75.95,45
4436,books-4436,books,77.32,52
4437,home-4437,home,78.69,59
4438,toys-4438,toys,80.06,66
4439,food-4439,food,81.43,73
4440,electronics-4440,electronics,82.80,80
4441,clothing-4441,clothing,84.17,87
4442,books-4442,books,85.54,94
4443,home-4443,home,86.91,101
4444,toys-4444,toys,88.28,108
4445,food-4445,food,89.65,115
4446,electronics-4446,electronics,91.02,122
4447,clothing-4447,clothing,92.39,129
4448,books-4448,books,93.76,136
4449,home-4449,home,95.13,143
4450,toys-4450,toys,96.50,150
4451,food-4451,food,97.87,157
4452,electronics-4452,electronics,99.24,164
4453,clothing-4453,clothing,0.61,171
4454,books-4454,books,1.98,178
4455,home-4455,home,3.35,185
4456,toys-4456,toys,4.72,192
4457,food-4457,food,6.09,199
4458,electronics-4458,electronics,7.46,206
4459,clothing-4459,clothing,8.83,213
4460,books-4460,books,10.20,220
4461,home-4461,home,11.57,227
4462,toys-4462,toys,12.94,234
4463,food-4463,food,14.31,241
4464,electronics-4464,electronics,15.68,248
4465,clothing-4465,clothing,17.05,255
4466,books-4466,books,18.42,262
4467,home-4467,home,19.79,269
4468,toys-4468,toys,21.16,276
4469,food-4469,food,22.53,283
4470,electronics-4470,electronics,23.90,290
4471,clothing-4471,clothing,25.27,297
4472,books-4472,books,26.64,304
4473,home-4473,home,28.01,311
4474,toys-4474,toys,29.38,318
4475,food-4475,food,30.75,325
4476,electronics-4476,electronics,32.12,332
4477,clothing-4477,clothing,33.49,339
4478,books-4478,books,34.86,346
4479,home-4479,home,36.23,353
4480,toys-4480,toys,37.60,360
4481,food-4481,food,38.97,367
4482,electronics-4482,electronics,40.34,374
4483,clothing-4483,clothing,41.71,381
4484,books-4484,books,43.08,388
4485,home-4485,home,44.45,395
4486,toys-4486,toys,45.82,402
4487,food-4487,food,47.19,409
4488,electronics-4488,electronics,48.56,416
4489,clothing-4489,clothing,49.93,423
4490,books-4490,books,51.30,430
4491,home-4491,home,52.67,437
4492,toys-4492,toys,54.04,444
4493,food-4493,food,55.41,451
4494,electronics-4494,electronics,56.78,458
4495,clothing-4495,clothing,58.15,465
4496,books-4496,books,59.52,472
4497,home-4497,home,60.89,479
4498,toys-4498,toys,62.26,486
4499,food-4499,food,63.63,493
4500,electronics-4500,electronics,65.00,0
4501,clothing-4501,clothing,66.37,7
4502,books-4502,books,67.74,14
4503,home-4503,home,69.11,21
4504,toys-4504,toys,70.48,28
4505,food-4505,food,71.85,35
4506,electronics-4506,electronics,73.22,42
4507,clothing-4507,clothing,74.59,49
4508,books-4508,books,75.96,56
4509,home-4509,home,77.33,63
4510,toys-4510,toys,78.70,70
4511,food-4511,food,80.07,77
4512,electronics-4512,electronics,81.44,84
4513,clothing-4513,clothing,82.81,91
4514,books-4514,books,84.18,98
4515,home-4515,home,85.55,105
4516,toys-4516,toys,86.92,112
4517,food-4517,food,88.29,119
4518,electronics-4518,electronics,89.66,126
4519,clothing-4519,clothing,91.03,133
4520,books-4520,books,92.40,140
4521,home-4521,home,93.77,147
4522,toys-4522,toys,95.14,154
4523,food-4523,food,96.51,161
4524,electronics-4524,electronics,97.88,168
4525,clothing-4525,clothing,99.25,175
4526,books-4526,books,0.62,182
4527,home-4527,home,1.99,189
4528,toys-4528,toys,3.36,196
4529,food-4529,food,4.73,203
4530,electronics-4530,electronics,6.10,210
4531,clothing-4531,clothing,7.47,217
4532,books-4532,books,8.84,224
4533,home-4533,home,10.21,231
4534,toys-4534,toys,11.58,238
4535,food-4535,food,12.95,245
4536,electronics-4536,electronics,14.32,252
4537,clothing-4537,clothing,15.69,259
4538,books-4538,books,17.06,266
4539,home-4539,home,18.43,273
4540,toys-4540,toys,19.80,280
4541,food-4541,food,21.17,287
4542,electronics-4542,electronics,22.54,294
4543,clothing-4543,clothing,23.91,301
4544,books-4544,books,25.28,308
4545,home-4545,home,26.65,315
4546,toys-4546,toys,28.02,322
4547,food-4547,food,29.39,329
4548,electronics-4548,electronics,30.76,336
4549,clothing-4549,clothing,32.13,343
4550,books-4550,books,33.50,350
4551,home-4551,home,34.87,357
4552,toys-4552,toys,36.24,364
4553,food-4553,food,37.61,371
4554,electronics-4554,electronics,38.98,378
4555,clothing-4555,clothing,40.35,385
4556,books-4556,books,41.72,392
4557,home-4557,home,43.09,399
4558,toys-4558,toys,44.46,406
4559,food-4559,food,45.83,413
4560,electronics-4560,electronics,47.20,420
4561,clothing-4561,clothing,48.57,427
4562,books-4562,books,49.94,434
4563,home-4563,home,51.31,441
4564,toys-4564,toys,52.68,448
4565,food-4565,food,54.05,455
4566,electronics-4566,electronics,55.42,462
4567,clothing-4567,clothing,56.79,469
4568,books-4568,books,58.16,476
4569,home-4569,home,59.53,483
4570,toys-4570,toys,60.90,490
4571,food-4571,food,62.27,497
4572,electronics-4572,electronics,63.64,4
4573,clothing-4573,clothing,65.01,11
4574,books-4574,books,66.38,18
4575,home-4575,home,67.75,25
4576,toys-4576,toys,69.12,32
4577,food-4577,food,70.49,39
4578,electronics-4578,electronics,71.86,46
4579,clothing-4579,clothing,73.23,53
4580,books-4580,books,74.60,60
4581,home-4581,home,75.97,67
4582,toys-4582,toys,77.34,74
4583,food-4583,food,78.71,81
4584,electronics-4584,electronics,80.08,88
4585,clothing-4585,clothing,81.45,95
4586,books-4586,books,82.82,102
4587,home-4587,home,84.19,109
4588,toys-4588,toys,85.56,116
4589,food-4589,food,86.93,123
4590,electronics-4590,electronics,88.30,130
4591,clothing-4591,clothing,89.67,137
4592,books-4592,books,91.04,144
4593,home-4593,home,92.41,151
4594,toys-4594,toys,93.78,158
4595,food-4595,food,95.15,165
4596,electronics-4596,electronics,96.52,172
4597,clothing-4597,clothing,97.89,179
4598,books-4598,books,99.26,186
4599,home-4599,home,0.63,193
4600,toys-4600,toys,2.00,200
4601,food-4601,food,3.37,207
4602,electronics-4602,electronics,4.74,214
4603,clothing-4603,clothing,6.11,221
4604,books-4604,books,7.48,228
4605,home-4605,home,8.85,235
4606,toys-4606,toys,10.22,242
4607,food-4607,food,11.59,249
4608,electronics-4608,electronics,12.96,256
4609,clothing-4609,clothing,14.33,263
4610,books-4610,books,15.70,270
4611,home-4611,home,17.07,277
4612,toys-4612,toys,18.44,284
4613,food-4613,food,19.81,291
4614,electronics-4614,electronics,21.18,298
4615,clothing-4615,clothing,22.55,305
4616,books-4616,books,23.92,312
4617,home-4617,home,25.29,319
4618,toys-4618,toys,26.66,326
4619,food-4619,food,28.03,333
4620,electronics-4620,electronics,29.40,340
4621,clothing-4621,clothing,30.77,347
4622,books-4622,books,32.14,354
4623,home-4623,home,33.51,361
4624,toys-4624,toys,34.88,368
4625,food-4625,food,36.25,375
4626,electronics-4626,electronics,37.62,382
4627,clothing-4627,clothing,38.99,389
4628,books-4628,books,40.36,396
4629,home-4629,home,41.73,403
4630,toys-4630,toys,43.10,410
4631,food-4631,food,44.47,417
4632,electronics-4632,electronics,45.84,424
4633,clothing-4633,clothing,47.21,431
4634,books-4634,books,48.58,438
4635,home-4635,home,49.95,445
4636,toys-4636,toys,51.32,452
4637,food-4637,food,52.69,459
4638,electronics-4638,electronics,54.06,466
4639,clothing-4639,clothing,55.43,473
4640,books-4640,books,56.80,480
4641,home-4641,home,58.17,487
4642,toys-4642,toys,59.54,494
4643,food-4643,food,60.91,1
4644,electronics-4644,electronics,62.28,8
4645,clothing-4645,clothing,63.65,15
4646,books-4646,books,65.02,22
4647,home-4647,home,66.39,29
4648,toys-4648,toys,67.76,36
4649,food-4649,food,69.13,43
4650,electronics-4650,electronics,70.50,50
4651,clothing-4651,clothing,71.87,57
4652,books-4652,books,73.24,64
4653,home-4653,home,74.61,71
4654,toys-4654,toys,75.98,78
4655,food-4655,food,77.35,85
4656,electronics-4656,electronics,78.72,92
4657,clothing-4657,clothing,80.09,99
4658,books-4658,books,81.46,106
4659,home-4659,home,82.83,113
4660,toys-4660,toys,84.20,120
4661,food-4661,food,85.57,127
4662,electronics-4662,electronics,86.94,134
4663,clothing-4663,clothing,88.31,141
4664,books-4664,books,89.68,148
4665,home-4665,home,91.05,155
4666,toys-4666,toys,92.42,162
4667,food-4667,food,93.79,169
4668,electronics-4668,electronics,95.16,176
4669,clothing-4669,clothing,96.53,183
4670,books-4670,books,97.90,190
4671,home-4671,home,99.27,197
4672,toys-4672,toys,0.64,204
4673,food-4673,food,2.01,211
4674,electronics-4674,electronics,3.38,218
4675,clothing-4675,clothing,4.75,225
4676,books-4676,books,6.12,232
4677,home-4677,home,7.49,239
4678,toys-4678,toys,8.86,246
4679,food-4679,food,10.23,253
4680,electronics-4680,electronics,11.60,260
4681,clothing-4681,clothing,12.97,267
4682,books-4682,books,14.34,274
4683,home-4683,home,15.71,281
4684,toys-4684,toys,17.08,288
4685,food-4685,food,18.45,295
4686,electronics-4686,electronics,19.82,302
4687,clothing-4687,clothing,21.19,309
4688,books-4688,books,22.56,316
4689,home-4689,home,23.93,323
4690,toys-4690,toys,25.30,330
4691,food-4691,food,26.67,337
4692,electronics-4692,electronics,28.04,344
4693,clothing-4693,clothing,29.41,351
4694,books-4694,books,30.78,358
4695,home-4695,home,32.15,365
4696,toys-4696,toys,33.52,372
4697,food-4697,food,34.89,379
4698,electronics-4698,electronics,36.26,386
4699,clothing-4699,clothing,37.63,393
4700,books-4700,books,39.00,400
4701,home-4701,home,40.37,407
4702,toys-4702,toys,41.74,414
4703,food-4703,food,43.11,421
4704,electronics-4704,electronics,44.48,428
4705,clothing-4705,clothing,45.85,435
4706,books-4706,books,47.22,442
4707,home-4707,home,48.59,449
4708,toys-4708,toys,49.96,456
4709,food-4709,food,51.33,463
4710,electronics-4710,electronics,52.70,470
4711,clothing-4711,clothing,54.07,477
4712,books-4712,books,55.44,484
4713,home-4713,home,56.81,491
4714,toys-4714,toys,58.18,498
4715,food-4715,food,59.55,5
4716,electronics-4716,electronics,60.92,12
4717,clothing-4717,clothing,62.29,19
4718,books-4718,books,63.66,26
4719,home-4719,home,65.03,33
4720,toys-4720,toys,66.40,40
4721,food-4721,food,67.77,47
4722,electronics-4722,electronics,69.14,54
4723,clothing-4723,clothing,70.51,61
4724,books-4724,books,71.88,68
4725,home-4725,home,73.25,75
4726,toys-4726,toys,74.62,82
4727,food-4727,food,75.99,89
4728,electronics-4728,electronics,77.36,96
4729,clothing-4729,clothing,78.73,103
4730,books-4730,books,80.10,110
4731,home-4731,home,81.47,117
4732,toys-4732,toys,82.84,124
4733,food-4733,food,84.21,131
4734,electronics-4734,electronics,85.58,138
4735,clothing-4735,clothing,86.95,145
4736,books-4736,books,88.32,152
4737,home-4737,home,89.69,159
4738,toys-4738,toys,91.06,166
4739,food-4739,food,92.43,173
4740,electronics-4740,electronics,93.80,180
4741,clothing-4741,clothing,95.17,187
4742,books-4742,books,96.54,194
4743,home-4743,home,97.91,201
4744,toys-4744,toys,99.28,208
4745,food-4745,food,0.65,215
4746,electronics-4746,electronics,2.02,222
4747,clothing-4747,clothing,3.39,229
4748,books-4748,books,4.76,236
4749,home-4749,home,6.13,243
4750,toys-4750,toys,7.50,250
4751,food-4751,food,8.87,257
4752,electronics-4752,electronics,10.24,264
4753,clothing-4753,clothing,11.61,271
4754,books-4754,books,12.98,278
4755,home-4755,home,14.35,285
4756,toys-4756,toys,15.72,292
4757,food-4757,food,17.09,299
4758,electronics-4758,electronics,18.46,306
4759,clothing-4759,clothing,19.83,313
4760,books-4760,books,21.20,320
4761,home-4761,home,22.57,327
4762,toys-4762,toys,23.94,334
4763,food-4763,food,25.31,341
4764,electronics-4764,electronics,26.68,348
4765,clothing-4765,clothing,28.05,355
4766,books-4766,books,29.42,362
4767,home-4767,home,30.79,369
4768,toys-4768,toys,32.16,376
4769,food-4769,food,33.53,383
4770,electronics-4770,electronics,34.90,390
4771,clothing-4771,clothing,36.27,397
4772,books-4772,books,37.64,404
4773,home-4773,home,39.01,411
4774,toys-4774,toys,40.38,418
4775,food-4775,food,41.75,425
4776,electronics-4776,electronics,43.12,432
4777,clothing-4777,clothing,44.49,439
4778,books-4778,books,45.86,446
4779,home-4779,home,47.23,453
4780,toys-4780,toys,48.60,460
4781,food-4781,food,49.97,467
4782,electronics-4782,electronics,51.34,474
4783,clothing-4783,clothing,52.71,481
4784,books-4784,books,54.08,488
4785,home-4785,home,55.45,495
4786,toys-4786,toys,56.82,2
4787,food-4787,food,58.19,9
4788,electronics-4788,electronics,59.56,16
4789,clothing-4789,clothing,60.93,23
4790,books-4790,books,62.30,30
4791,home-4791,home,63.67,37
4792,toys-4792,toys,65.04,44
4793,food-4793,food,66.41,51
4794,electronics-4794,electronics,67.78,58
4795,clothing-4795,clothing,69.15,65
4796,books-4796,books,70.52,72
4797,home-4797,home,71.89,79
4798,toys-4798,toys,73.26,86
4799,food-4799,food,74.63,93
4800,electronics-4800,electronics,76.00,100
4801,clothing-4801,clothing,77.37,107
4802,books-4802,books,78.74,114
4803,home-4803,home,80.11,121
4804,toys-4804,toys,81.48,128
4805,food-4805,food,82.85,135
4806,electronics-4806,electronics,84.22,142
4807,clothing-4807,clothing,85.59,149
4808,books-4808,books,86.96,156
4809,home-4809,home,88.33,163
4810,toys-4810,toys,89.70,170
4811,food-4811,food,91.07,177
4812,electronics-4812,electronics,92.44,184
4813,clothing-4813,clothing,93.81,191
4814,books-4814,books,95.18,198
4815,home-4815,home,96.55,205
4816,toys-4816,toys,97.92,212
4817,food-4817,food,99.29,219
4818,electronics-4818,electronics,0.66,226
4819,clothing-4819,clothing,2.03,233
4820,books-4820,books,3.40,240
4821,home-4821,home,4.77,247
4822,toys-4822,toys,6.14,254
4823,food-4823,food,7.51,261
4824,electronics-4824,electronics,8.88,268
4825,clothing-4825,clothing,10.25,275
4826,books-4826,books,11.62,282
4827,home-4827,home,12.99,289
4828,toys-4828,toys,14.36,296
4829,food-4829,food,15.73,303
4830,electronics-4830,electronics,17.10,310
4831,clothing-4831,clothing,18.47,317
4832,books-4832,books,19.84,324
4833,home-4833,home,21.21,331
4834,toys-4834,toys,22.58,338
4835,food-4835,food,23.95,345
4836,electronics-4836,electronics,25.32,352
4837,clothing-4837,clothing,26.69,359
4838,books-4838,books,28.06,366
4839,home-4839,home,29.43,373
4840,toys-4840,toys,30.80,380
4841,food-4841,food,32.17,387
4842,electronics-4842,electronics,33.54,394
4843,clothing-4843,clothing,34.91,401
4844,books-4844,books,36.28,408
4845,home-4845,home,37.65,415
4846,toys-4846,toys,39.02,422
4847,food-4847,food,40.39,429
4848,electronics-4848,electronics,41.76,436
4849,clothing-4849,clothing,43.13,443
4850,books-4850,books,44.50,450
4851,home-4851,home,45.87,457
4852,toys-4852,toys,47.24,464
4853,food-4853,food,48.61,471
4854,electronics-4854,electronics,49.98,478
4855,clothing-4855,clothing,51.35,485
4856,books-4856,books,52.72,492
4857,home-4857,home,54.09,499
4858,toys-4858,toys,55.46,6
4859,food-4859,food,56.83,13
4860,electronics-4860,electronics,58.20,20
4861,clothing-4861,clothing,59.57,27
4862,books-4862,books,60.94,34
4863,home-4863,home,62.31,41
4864,toys-4864,toys,63.68,48
4865,food-4865,food,65.05,55
4866,electronics-4866,electronics,66.42,62
4867,clothing-4867,clothing,67.79,69
4868,books-4868,books,69.16,76
4869,home-4869,home,70.53,83
4870,toys-4870,toys,71.90,90
4871,food-4871,food,73.27,97
4872,electronics-4872,electronics,74.64,104
4873,clothing-4873,clothing,76.01,111
4874,books-4874,books,77.38,118
4875,home-4875,home,78.75,125
4876,toys-4876,toys,80.12,132
4877,food-4877,food,81.49,139
4878,electronics-4878,electronics,82.86,146
4879,clothing-4879,clothing,84.23,153
4880,books-4880,books,85.60,160
4881,home-4881,home,86.97,167
4882,toys-4882,toys,88.34,174
4883,food-4883,food,89.71,181
4884,electronics-4884,electronics,91.08,188
4885,clothing-4885,clothing,92.45,195
4886,books-4886,books,93.82,202
4887,home-4887,home,95.19,209
4888,toys-4888,toys,96.56,216
4889,food-4889,food,97.93,223
4890,electronics-4890,electronics,99.30,230
4891,clothing-4891,clothing,0.67,237
4892,books-4892,books,2.04,244
4893,home-4893,home,3.41,251
4894,toys-4894,toys,4.78,258
4895,food-4895,food,6.15,265
4896,electronics-4896,electronics,7.52,272
4897,clothing-4897,clothing,8.89,279
4898,books-4898,books,10.26,286
4899,home-4899,home,11.63,293
4900,toys-4900,toys,13.00,300
4901,food-4901,food,14.37,307
4902,electronics-4902,electronics,15.74,314
4903,clothing-4903,clothing,17.11,321
4904,books-4904,books,18.48,328
4905,home-4905,home,19.85,335
4906,toys-4906,toys,21.22,342
4907,food-4907,food,22.59,349
4908,electronics-4908,electronics,23.96,356
4909,clothing-4909,clothing,25.33,363
4910,books-4910,books,26.70,370
4911,home-4911,home,28.07,377
4912,toys-4912,toys,29.44,384
4913,food-4913,food,30.81,391
4914,electronics-4914,electronics,32.18,398
4915,clothing-4915,clothing,33.55,405
4916,books-4916,books,34.92,412
4917,home-4917,home,36.29,419
4918,toys-4918,toys,37.66,426
4919,food-4919,food,39.03,433
4920,electronics-4920,electronics,40.40,440
4921,clothing-4921,clothing,41.77,447
4922,books-4922,books,43.14,454
4923,home-4923,home,44.51,461
4924,toys-4924,toys,45.88,468
4925,food-4925,food,47.25,475
4926,electronics-4926,electronics,48.62,482
4927,clothing-4927,clothing,49.99,489
4928,books-4928,books,51.36,496
4929,home-4929,home,52.73,3
4930,toys-4930,toys,54.10,10
4931,food-4931,food,55.47,17
4932,electronics-4932,electronics,56.84,24
4933,clothing-4933,clothing,58.21,31
4934,books-4934,books,59.58,38
4935,home-4935,home,60.95,45
4936,toys-4936,toys,62.32,52
4937,food-4937,food,63.69,59
4938,electronics-4938,electronics,65.06,66
4939,clothing-4939,clothing,66.43,73
4940,books-4940,books,67.80,80
4941,home-4941,home,69.17,87
4942,toys-4942,toys,70.54,94
4943,food-4943,food,71.91,101
4944,electronics-4944,electronics,73.28,108
4945,clothing-4945,clothing,74.65,115
4946,books-4946,books,76.02,122
4947,home-4947,home,77.39,129
4948,toys-4948,toys,78.76,136
4949,food-4949,food,80.13,143
4950,electronics-4950,electronics,81.50,150
4951,clothing-4951,clothing,82.87,157
4952,books-4952,books,84.24,164
4953,home-4953,home,85.61,171
4954,toys-4954,toys,86.98,178
4955,food-4955,food,88.35,185
4956,electronics-4956,electronics,89.72,192
4957,clothing-4957,clothing,91.09,199
4958,books-4958,books,92.46,206
4959,home-4959,home,93.83,213
4960,toys-4960,toys,95.20,220
4961,food-4961,food,96.57,227
4962,electronics-4962,electronics,97.94,234
4963,clothing-4963,clothing,99.31,241
4964,books-4964,books,0.68,248
4965,home-4965,home,2.05,255
4966,toys-4966,toys,3.42,262
4967,food-4967,food,4.79,269
4968,electronics-4968,electronics,6.16,276
4969,clothing-4969,clothing,7.53,283
4970,books-4970,books,8.90,290
4971,home-4971,home,10.27,297
4972,toys-4972,toys,11.64,304
4973,food-4973,food,13.01,311
4974,electronics-4974,electronics,14.38,318
4975,clothing-4975,clothing,15.75,325
4976,books-4976,books,17.12,332
4977,home-4977,home,18.49,339
4978,toys-4978,toys,19.86,346
4979,food-4979,food,21.23,353
4980,electronics-4980,electronics,22.60,360
4981,clothing-4981,clothing,23.97,367
4982,books-4982,books,25.34,374
4983,home-4983,home,26.71,381
4984,toys-4984,toys,28.08,388
4985,food-4985,food,29.45,395
4986,electronics-4986,electronics,30.82,402
4987,clothing-4987,clothing,32.19,409
4988,books-4988,books,33.56,416
4989,home-4989,home,34.93,423
4990,toys-4990,toys,36.30,430
4991,food-4991,food,37.67,437
4992,electronics-4992,electronics,39.04,444
4993,clothing-4993,clothing,40.41,451
4994,books-4994,books,41.78,458
4995,home-4995,home,43.15,465
4996,toys-4996,toys,44.52,472
4997,food-4997,food,45.89,479
4998,electronics-4998,electronics,47.26,486
4999,clothing-4999,clothing,48.63,493
5000,books-5000,books,50.00,0
5001,home-5001,home,51.37,7
5002,toys-5002,toys,52.74,14
5003,food-5003,food,54.11,21
5004,electronics-5004,electronics,55.48,28
5005,clothing-5005,clothing,56.85,35
5006,books-5006,books,58.22,42
5007,home-5007,home,59.59,49
5008,toys-5008,toys,60.96,56
5009,food-5009,food,62.33,63
5010,electronics-5010,electronics,63.70,70
5011,clothing-5011,clothing,65.07,77
5012,books-5012,books,66.44,84
5013,home-5013,home,67.81,91
5014,toys-5014,toys,69.18,98
5015,food-5015,food,70.55,105
5016,electronics-5016,electronics,71.92,112
5017,clothing-5017,clothing,73.29,119
5018,books-5018,books,74.66,126
5019,home-5019,home,76.03,133
5020,toys-5020,toys,77.40,140
5021,food-5021,food,78.77,147
5022,electronics-5022,electronics,80.14,154
5023,clothing-5023,clothing,81.51,161
5024,books-5024,books,82.88,168
5025,home-5025,home,84.25,175
5026,toys-5026,toys,85.62,182
5027,food-5027,food,86.99,189
5028,electronics-5028,electronics,88.36,196
5029,clothing-5029,clothing,89.73,203
5030,books-5030,books,91.10,210
5031,home-5031,home,92.47,217
5032,toys-5032,toys,93.84,224
5033,food-5033,food,95.21,231
5034,electronics-5034,electronics,96.58,238
5035,clothing-5035,clothing,97.95,245
5036,books-5036,books,99.32,252
5037,home-5037,home,0.69,259
5038,toys-5038,toys,2.06,266
5039,food-5039,food,3.43,273
5040,electronics-5040,electronics,4.80,280
5041,clothing-5041,clothing,6.17,287
5042,books-5042,books,7.54,294
5043,home-5043,home,8.91,301
5044,toys-5044,toys,10.28,308
5045,food-5045,food,11.65,315
5046,electronics-5046,electronics,13.02,322
5047,clothing-5047,clothing,14.39,329
5048,books-5048,books,15.76,336
5049,home-5049,home,17.13,343
5050,toys-5050,toys,18.50,350
5051,food-5051,food,19.87,357
5052,electronics-5052,electronics,21.24,364
5053,clothing-5053,clothing,22.61,371
5054,books-5054,books,23.98,378
5055,home-5055,home,25.35,385
5056,toys-5056,toys,26.72,392
5057,food-5057,food,28.09,399
5058,electronics-5058,electronics,29.46,406
5059,clothing-5059,clothing,30.83,413
5060,books-5060,books,32.20,420
5061,home-5061,home,33.57,427
5062,toys-5062,toys,34.94,434
5063,food-5063,food,36.31,441
5064,electronics-5064,electronics,37.68,448
5065,clothing-5065,clothing,39.05,455
5066,books-5066,books,40.42,462
5067,home-5067,home,41.79,469
5068,toys-5068,toys,43.16,476
5069,food-5069,food,44.53,483
5070,electronics-5070,electronics,45.90,490
5071,clothing-5071,clothing,47.27,497
5072,books-5072,books,48.64,4
5073,home-5073,home,50.01,11
5074,toys-5074,toys,51.38,18
5075,food-5075,food,52.75,25
5076,electronics-5076,electronics,54.12,32
5077,clothing-5077,clothing,55.49,39
5078,books-5078,books,56.86,46
5079,home-5079,home,58.23,53
5080,toys-5080,toys,59.60,60
5081,food-5081,food,60.97,67
5082,electronics-5082,electronics,62.34,74
5083,clothing-5083,clothing,63.71,81
5084,books-5084,books,65.08,88
5085,home-5085,home,66.45,95
5086,toys-5086,toys,67.82,102
5087,food-5087,food,69.19,109
5088,electronics-5088,electronics,70.56,116
5089,clothing-5089,clothing,71.93,123
5090,books-5090,books,73.30,130
5091,home-5091,home,74.67,137
5092,toys-5092,toys,76.04,144
5093,food-5093,food,77.41,151
5094,electronics-5094,electronics,78.78,158
5095,clothing-5095,clothing,80.15,165
5096,books-5096,books,81.52,172
5097,home-5097,home,82.89,179
5098,toys-5098,toys,84.26,186
5099,food-5099,food,85.63,193
5100,electronics-5100,electronics,87.00,200
5101,clothing-5101,clothing,88.37,207
5102,books-5102,books,89.74,214
5103,home-5103,home,91.11,221
5104,toys-5104,toys,92.48,228
5105,food-5105,food,93.85,235
5106,electronics-5106,electronics,95.22,242
5107,clothing-5107,clothing,96.59,249
5108,books-5108,books,97.96,256
5109,home-5109,home,99.33,263
5110,toys-5110,toys,0.70,270
5111,food-5111,food,2.07,277
5112,electronics-5112,electronics,3.44,284
5113,clothing-5113,clothing,4.81,291
5114,books-5114,books,6.18,298
5115,home-5115,home,7.55,305
5116,toys-5116,toys,8.92,312
5117,food-5117,food,10.29,319
5118,electronics-5118,electronics,11.66,326
5119,clothing-5119,clothing,13.03,333
5120,books-5120,books,14.40,340
5121,home-5121,home,15.77,347
5122,toys-5122,toys,17.14,354
5123,food-5123,food,18.51,361
5124,electronics-5124,electronics,19.88,368
5125,clothing-5125,clothing,21.25,375
5126,books-5126,books,22.62,382
5127,home-5127,home,23.99,389
5128,toys-5128,toys,25.36,396
5129,food-5129,food,26.73,403
5130,electronics-5130,electronics,28.10,410
5131,clothing-5131,clothing,29.47,417
5132,books-5132,books,30.84,424
5133,home-5133,home,32.21,431
5134,toys-5134,toys,33.58,438
5135,food-5135,food,34.95,445
5136,electronics-5136,electronics,36.32,452
5137,clothing-5137,clothing,37.69,459
5138,books-5138,books,39.06,466
5139,home-5139,home,40.43,473
5140,toys-5140,toys,41.80,480
5141,food-5141,food,43.17,487
5142,electronics-5142,electronics,44.54,494
5143,clothing-5143,clothing,45.91,1
5144,books-5144,books,47.28,8
5145,home-5145,home,48.65,15
5146,toys-5146,toys,50.02,22
5147,food-5147,food,51.39,29
5148,electronics-5148,electronics,52.76,36
5149,clothing-5149,clothing,54.13,43
5150,books-5150,books,55.50,50
5151,home-5151,home,56.87,57
5152,toys-5152,toys,58.24,64
5153,food-5153,food,59.61,71
5154,electronics-5154,electronics,60.98,78
5155,clothing-5155,clothing,62.35,85
5156,books-5156,books,63.72,92
5157,home-5157,home,65.09,99
5158,toys-5158,toys,66.46,106
5159,food-5159,food,67.83,113
5160,electronics-5160,electronics,69.20,120
5161,clothing-5161,clothing,70.57,127
5162,books-5162,books,71.94,134
5163,home-5163,home,73.31,141
5164,toys-5164,toys,74.68,148
5165,food-5165,food,76.05,155
5166,electronics-5166,electronics,77.42,162
5167,clothing-5167,clothing,78.79,169
5168,books-5168,books,80.16,176
5169,home-5169,home,81.53,183
5170,toys-5170,toys,82.90,190
5171,food-5171,food,84.27,197
5172,electronics-5172,electronics,85.64,204
5173,clothing-5173,clothing,87.01,211
5174,books-5174,books,88.38,218
5175,home-5175,home,89.75,225
5176,toys-5176,toys,91.12,232
5177,food-5177,food,92.49,239
5178,electronics-5178,electronics,93.86,246
5179,clothing-5179,clothing,95.23,253
5180,books-5180,books,96.60,260
5181,home-5181,home,97.97,267
5182,toys-5182,toys,99.34,274
5183,food-5183,food,0.71,281
5184,electronics-5184,electronics,2.08,288
5185,clothing-5185,clothing,3.45,295
5186,books-5186,books,4.82,302
5187,home-5187,home,6.19,309
5188,toys-5188,toys,7.56,316
5189,food-5189,food,8.93,323
5190,electronics-5190,electronics,10.30,330
5191,clothing-5191,clothing,11.67,337
5192,books-5192,books,13.04,344
5193,home-5193,home,14.41,351
5194,toys-5194,toys,15.78,358
5195,food-5195,food,17.15,365
5196,electronics-5196,electronics,18.52,372
5197,clothing-5197,clothing,19.89,379
5198,books-5198,books,21.26,386
5199,home-5199,home,22.63,393
5200,toys-5200,toys,24.00,400
5201,food-5201,food,25.37,407
5202,electronics-5202,electronics,26.74,414
5203,clothing-5203,clothing,28.11,421
5204,books-5204,books,29.48,428
5205,home-5205,home,30.85,435
5206,toys-5206,toys,32.22,442
5207,food-5207,food,33.59,449
5208,electronics-5208,electronics,34.96,456
5209,clothing-5209,clothing,36.33,463
5210,books-5210,books,37.70,470
5211,home-5211,home,39.07,477
5212,toys-5212,toys,40.44,484
5213,food-5213,food,41.81,491
5214,electronics-5214,electronics,43.18,498
5215,clothing-5215,clothing,44.55,5
5216,books-5216,books,45.92,12
5217,home-5217,home,47.29,19
5218,toys-5218,toys,48.66,26
5219,food-5219,food,50.03,33
5220,electronics-5220,electronics,51.40,40
5221,clothing-5221,clothing,52.77,47
5222,books-5222,books,54.14,54
5223,home-5223,home,55.51,61
5224,toys-5224,toys,56.88,68
5225,food-5225,food,58.25,75
5226,electronics-5226,electronics,59.62,82
5227,clothing-5227,clothing,60.99,89
5228,books-5228,books,62.36,96
5229,home-5229,home,63.73,103
5230,toys-5230,toys,65.10,110
5231,food-5231,food,66.47,117
5232,electronics-5232,electronics,67.84,124
5233,clothing-5233,clothing,69.21,131
5234,books-5234,books,70.58,138
5235,home-5235,home,71.95,145
5236,toys-5236,toys,73.32,152
5237,food-5237,food,74.69,159
5238,electronics-5238,electronics,76.06,166
5239,clothing-5239,clothing,77.43,173
5240,books-5240,books,78.80,180
5241,home-5241,home,80.17,187
5242,toys-5242,toys,81.54,194
5243,food-5243,food,82.91,201
5244,electronics-5244,electronics,84.28,208
5245,clothing-5245,clothing,85.65,215
5246,books-5246,books,87.02,222
5247,home-5247,home,88.39,229
5248,toys-5248,toys,89.76,236
5249,food-5249,food,91.13,243
5250,electronics-5250,electronics,92.50,250
5251,clothing-5251,clothing,93.87,257
5252,books-5252,books,95.24,264
5253,home-5253,home,96.61,271
5254,toys-5254,toys,97.98,278
5255,food-5255,food,99.35,285
5256,electronics-5256,electronics,0.72,292
5257,clothing-5257,clothing,2.09,299
5258,books-5258,books,3.46,306
5259,home-5259,home,4.83,313
5260,toys-5260,toys,6.20,320
5261,food-5261,food,7.57,327
5262,electronics-5262,electronics,8.94,334
5263,clothing-5263,clothing,10.31,341
5264,books-5264,books,11.68,348
5265,home-5265,home,13.05,355
5266,toys-5266,toys,14.42,362
5267,food-5267,food,15.79,369
5268,electronics-5268,electronics,17.16,376
5269,clothing-5269,clothing,18.53,383
5270,books-5270,books,19.90,390
5271,home-5271,home,21.27,397
5272,toys-5272,toys,22.64,404
5273,food-5273,food,24.01,411
5274,electronics-5274,electronics,25.38,418
5275,clothing-5275,clothing,26.75,425
5276,books-5276,books,28.12,432
5277,home-5277,home,29.49,439
5278,toys-5278,toys,30.86,446
5279,food-5279,food,32.23,453
5280,electronics-5280,electronics,33.60,460
5281,clothing-5281,clothing,34.97,467
5282,books-5282,books,36.34,474
5283,home-5283,home,37.71,481
5284,toys-5284,toys,39.08,488
5285,food-5285,food,40.45,495
5286,electronics-5286,electronics,41.82,2
5287,clothing-5287,clothing,43.19,9
5288,books-5288,books,44.56,16
5289,home-5289,home,45.93,23
5290,toys-5290,toys,47.30,30
5291,food-5291,food,48.67,37
5292,electronics-5292,electronics,50.04,44
5293,clothing-5293,clothing,51.41,51
5294,books-5294,books,52.78,58
5295,home-5295,home,54.15,65
5296,toys-5296,toys,55.52,72
5297,food-5297,food,56.89,79
5298,electronics-5298,electronics,58.26,86
5299,clothing-5299,clothing,59.63,93
5300,books-5300,books,61.00,100
5301,home-5301,home,62.37,107
5302,toys-5302,toys,63.74,114
5303,food-5303,food,65.11,121
5304,electronics-5304,electronics,66.48,128
5305,clothing-5305,clothing,67.85,135
5306,books-5306,books,69.22,142
5307,home-5307,home,70.59,149
5308,toys-5308,toys,71.96,156
5309,food-5309,food,73.33,163
5310,electronics-5310,electronics,74.70,170
5311,clothing-5311,clothing,76.07,177
5312,books-5312,books,77.44,184
5313,home-5313,home,78.81,191
5314,toys-5314,toys,80.18,198
5315,food-5315,food,81.55,205
5316,electronics-5316,electronics,82.92,212
5317,clothing-5317,clothing,84.29,219
5318,books-5318,books,85.66,226
5319,home-5319,home,87.03,233
5320,toys-5320,toys,88.40,240
5321,food-5321,food,89.77,247
5322,electronics-5322,electronics,91.14,254
5323,clothing-5323,clothing,92.51,261
5324,books-5324,books,93.88,268
5325,home-5325,home,95.25,275
5326,toys-5326,toys,96.62,282
5327,food-5327,food,97.99,289
5328,electronics-5328,electronics,99.36,296
5329,clothing-5329,clothing,0.73,303
5330,books-5330,books,2.10,310
5331,home-5331,home,3.47,317
5332,toys-5332,toys,4.84,324
5333,food-5333,food,6.21,331
5334,electronics-5334,electronics,7.58,338
5335,clothing-5335,clothing,8.95,345
5336,books-5336,books,10.32,352
5337,home-5337,home,11.69,359
5338,toys-5338,toys,13.06,366
5339,food-5339,food,14.43,373
5340,electronics-5340,electronics,15.80,380
5341,clothing-5341,clothing,17.17,387
5342,books-5342,books,18.54,394
5343,home-5343,home,19.91,401
5344,toys-5344,toys,21.28,408
5345,food-5345,food,22.65,415
5346,electronics-5346,electronics,24.02,422
5347,clothing-5347,clothing,25.39,429
5348,books-5348,books,26.76,436
5349,home-5349,home,28.13,443
5350,toys-5350,toys,29.50,450
5351,food-5351,food,30.87,457
5352,electronics-5352,electronics,32.24,464
5353,clothing-5353,clothing,33.61,471
5354,books-5354,books,34.98,478
5355,home-5355,home,36.35,485
5356,toys-5356,toys,37.72,492
5357,food-5357,food,39.09,499
5358,electronics-5358,electronics,40.46,6
5359,clothing-5359,clothing,41.83,13
5360,books-5360,books,43.20,20
5361,home-5361,home,44.57,27
5362,toys-5362,toys,45.94,34
5363,food-5363,food,47.31,41
5364,electronics-5364,electronics,48.68,48
5365,clothing-5365,clothing,50.05,55
5366,books-5366,books,51.42,62
5367,home-5367,home,52.79,69
5368,toys-5368,toys,54.16,76
5369,food-5369,food,55.53,83
5370,electronics-5370,electronics,56.90,90
5371,clothing-5371,clothing,58.27,97
5372,books-5372,books,59.64,104
5373,home-5373,home,61.01,111
5374,toys-5374,toys,62.38,118
5375,food-5375,food,63.75,125
5376,electronics-5376,electronics,65.12,132
5377,clothing-5377,clothing,66.49,139
5378,books-5378,books,67.86,146
5379,home-5379,home,69.23,153
5380,toys-5380,toys,70.60,160
5381,food-5381,food,71.97,167
5382,electronics-5382,electronics,73.34,174
5383,clothing-5383,clothing,74.71,181
5384,books-5384,books,76.08,188
5385,home-5385,home,77.45,195
5386,toys-5386,toys,78.82,202
5387,food-5387,food,80.19,209
5388,electronics-5388,electronics,81.56,216
5389,clothing-5389,clothing,82.93,223
5390,books-5390,books,84.30,230
5391,home-5391,home,85.67,237
5392,toys-5392,toys,87.04,244
5393,food-5393,food,88.41,251
5394,electronics-5394,electronics,89.78,258
5395,clothing-5395,clothing,91.15,265
5396,books-5396,books,92.52,272
5397,home-5397,home,93.89,279
5398,toys-5398,toys,95.26,286
5399,food-5399,food,96.63,293
5400,electronics-5400,electronics,98.00,300
5401,clothing-5401,clothing,99.37,307
5402,books-5402,books,0.74,314
5403,home-5403,home,2.11,321
5404,toys-5404,toys,3.48,328
5405,food-5405,food,4.85,335
5406,electronics-5406,electronics,6.22,342
5407,clothing-5407,clothing,7.59,349
5408,books-5408,books,8.96,356
5409,home-5409,home,10.33,363
5410,toys-5410,toys,11.70,370
5411,food-5411,food,13.07,377
5412,electronics-5412,electronics,14.44,384
5413,clothing-5413,clothing,15.81,391
5414,books-5414,books,17.18,398
5415,home-5415,home,18.55,405
5416,toys-5416,toys,19.92,412
5417,food-5417,food,21.29,419
5418,electronics-5418,electronics,22.66,426
5419,clothing-5419,clothing,24.03,433
5420,books-5420,books,25.40,440
5421,home-5421,home,26.77,447
5422,toys-5422,toys,28.14,454
5423,food-5423,food,29.51,461
5424,electronics-5424,electronics,30.88,468
5425,clothing-5425,clothing,32.25,475
5426,books-5426,books,33.62,482
5427,home-5427,home,34.99,489
5428,toys-5428,toys,36.36,496
5429,food-5429,food,37.73,3
5430,electronics-5430,electronics,39.10,10
5431,clothing-5431,clothing,40.47,17
5432,books-5432,books,41.84,24
5433,home-5433,home,43.21,31
5434,toys-5434,toys,44.58,38
5435,food-5435,food,45.95,45
5436,electronics-5436,electronics,47.32,52
5437,clothing-5437,clothing,48.69,59
5438,books-5438,books,50.06,66
5439,home-5439,home,51.43,73
5440,toys-5440,toys,52.80,80
5441,food-5441,food,54.17,87
5442,electronics-5442,electronics,55.54,94
5443,clothing-5443,clothing,56.91,101
5444,books-5444,books,58.28,108
5445,home-5445,home,59.65,115
5446,toys-5446,toys,61.02,122
5447,food-5447,food,62.39,129
5448,electronics-5448,electronics,63.76,136
5449,clothing-5449,clothing,65.13,143
5450,books-5450,books,66.50,150
5451,home-5451,home,67.87,157
5452,toys-5452,toys,69.24,164
5453,food-5453,food,70.61,171
5454,electronics-5454,electronics,71.98,178
5455,clothing-5455,clothing,73.35,185
5456,books-5456,books,74.72,192
5457,home-5457,home,76.09,199
5458,toys-5458,toys,77.46,206
5459,food-5459,food,78.83,213
5460,electronics-5460,electronics,80.20,220
5461,clothing-5461,clothing,81.57,227
5462,books-5462,books,82.94,234
5463,home-5463,home,84.31,241
5464,toys-5464,toys,85.68,248
5465,food-5465,food,87.05,255
5466,electronics-5466,electronics,88.42,262
5467,clothing-5467,clothing,89.79,269
5468,books-5468,books,91.16,276
5469,home-5469,home,92.53,283
5470,toys-5470,toys,93.90,290
5471,food-5471,food,95.27,297
5472,electronics-5472,electronics,96.64,304
5473,clothing-5473,clothing,98.01,311
5474,books-5474,books,99.38,318
5475,home-5475,home,0.75,325
5476,toys-5476,toys,2.12,332
5477,food-5477,food,3.49,339
5478,electronics-5478,electronics,4.86,346
5479,clothing-5479,clothing,6.23,353
5480,books-5480,books,7.60,360
5481,home-5481,home,8.97,367
5482,toys-5482,toys,10.34,374
5483,food-5483,food,11.71,381
5484,electronics-5484,electronics,13.08,388
5485,clothing-5485,clothing,14.45,395
5486,books-5486,books,15.82,402
5487,home-5487,home,17.19,409
5488,toys-5488,toys,18.56,416
5489,food-5489,food,19.93,423
5490,electronics-5490,electronics,21.30,430
5491,clothing-5491,clothing,22.67,437
5492,books-5492,books,24.04,444
5493,home-5493,home,25.41,451
5494,toys-5494,toys,26.78,458
5495,food-5495,food,28.15,465
5496,electronics-5496,electronics,29.52,472
5497,clothing-5497,clothing,30.89,479
5498,books-5498,books,32.26,486
5499,home-5499,home,33.63,493
5500,toys-5500,toys,35.00,0
5501,food-5501,food,36.37,7
5502,electronics-5502,electronics,37.74,14
5503,clothing-5503,clothing,39.11,21
5504,books-5504,books,40.48,28
5505,home-5505,home,41.85,35
5506,toys-5506,toys,43.22,42
5507,food-5507,food,44.59,49
5508,electronics-5508,electronics,45.96,56
5509,clothing-5509,clothing,47.33,63
5510,books-5510,books,48.70,70
5511,home-5511,home,50.07,77
5512,toys-5512,toys,51.44,84
5513,food-5513,food,52.81,91
5514,electronics-5514,electronics,54.18,98
5515,clothing-5515,clothing,55.55,105
5516,books-5516,books,56.92,112
5517,home-5517,home,58.29,119
5518,toys-5518,toys,59.66,126
5519,food-5519,food,61.03,133
5520,electronics-5520,electronics,62.40,140
5521,clothing-5521,clothing,63.77,147
5522,books-5522,books,65.14,154
5523,home-5523,home,66.51,161
5524,toys-5524,toys,67.88,168
5525,food-5525,food,69.25,175
5526,electronics-5526,electronics,70.62,182
5527,clothing-5527,clothing,71.99,189
5528,books-5528,books,73.36,196
5529,home-5529,home,74.73,203
5530,toys-5530,toys,76.10,210
5531,food-5531,food,77.47,217
5532,electronics-5532,electronics,78.84,224
5533,clothing-5533,clothing,80.21,231
5534,books-5534,books,81.58,238
5535,home-5535,home,82.95,245
5536,toys-5536,toys,84.32,252
5537,food-5537,food,85.69,259
5538,electronics-5538,electronics,87.06,266
5539,clothing-5539,clothing,88.43,273
5540,books-5540,books,89.80,280
5541,home-5541,home,91.17,287
5542,toys-5542,toys,92.54,294
5543,food-5543,food,93.91,301
5544,electronics-5544,electronics,95.28,308
5545,clothing-5545,clothing,96.65,315
5546,books-5546,books,98.02,322
5547,home-5547,home,99.39,329
5548,toys-5548,toys,0.76,336
5549,food-5549,food,2.13,343
5550,electronics-5550,electronics,3.50,350
5551,clothing-5551,clothing,4.87,357
5552,books-5552,books,6.24,364
5553,home-5553,home,7.61,371
5554,toys-5554,toys,8.98,378
5555,food-5555,food,10.35,385
5556,electronics-5556,electronics,11.72,392
5557,clothing-5557,clothing,13.09,399
5558,books-5558,books,14.46,406
5559,home-5559,home,15.83,413
5560,toys-5560,toys,17.20,420
5561,food-5561,food,18.57,427
5562,electronics-5562,electronics,19.94,434
5563,clothing-5563,clothing,21.31,441
5564,books-5564,books,22.68,448
5565,home-5565,home,24.05,455
5566,toys-5566,toys,25.42,462
5567,food-5567,food,26.79,469
5568,electronics-5568,electronics,28.16,476
5569,clothing-5569,clothing,29.53,483
5570,books-5570,books,30.90,490
5571,home-5571,home,32.27,497
5572,toys-5572,toys,33.64,4
5573,food-5573,food,35.01,11
5574,electronics-5574,electronics,36.38,18
5575,clothing-5575,clothing,37.75,25
5576,books-5576,books,39.12,32
5577,home-5577,home,40.49,39
5578,toys-5578,toys,41.86,46
5579,food-5579,food,43.23,53
5580,electronics-5580,electronics,44.60,60
5581,clothing-5581,clothing,45.97,67
5582,books-5582,books,47.34,74
5583,home-5583,home,48.71,81
5584,toys-5584,toys,50.08,88
5585,food-5585,food,51.45,95
5586,electronics-5586,electronics,52.82,102
5587,clothing-5587,clothing,54.19,109
5588,books-5588,books,55.56,116
5589,home-5589,home,56.93,123
5590,toys-5590,toys,58.30,130
5591,food-5591,food,59.67,137
5592,electronics-5592,electronics,61.04,144
5593,clothing-5593,clothing,62.41,151
5594,books-5594,books,63.78,158
5595,home-5595,home,65.15,165
5596,toys-5596,toys,66.52,172
5597,food-5597,food,67.89,179
5598,electronics-5598,electronics,69.26,186
5599,clothing-5599,clothing,70.63,193
5600,books-5600,books,72.00,200
5601,home-5601,home,73.37,207
5602,toys-5602,toys,74.74,214
5603,food-5603,food,76.11,221
5604,electronics-5604,electronics,77.48,228
5605,clothing-5605,clothing,78.85,235
5606,books-5606,books,80.22,242
5607,home-5607,home,81.59,249
5608,toys-5608,toys,82.96,256
5609,food-5609,food,84.33,263
5610,electronics-5610,electronics,85.70,270
5611,clothing-5611,clothing,87.07,277
5612,books-5612,books,88.44,284
5613,home-5613,home,89.81,291
5614,toys-5614,toys,91.18,298
5615,food-5615,food,92.55,305
5616,electronics-5616,electronics,93.92,312
5617,clothing-5617,clothing,95.29,319
5618,books-5618,books,96.66,326
5619,home-5619,home,98.03,333
5620,toys-5620,toys,99.40,340
5621,food-5621,food,0.77,347
5622,electronics-5622,electronics,2.14,354
5623,clothing-5623,clothing,3.51,361
5624,books-5624,books,4.88,368
5625,home-5625,home,6.25,375
5626,toys-5626,toys,7.62,382
5627,food-5627,food,8.99,389
5628,electronics-5628,electronics,10.36,396
5629,clothing-5629,clothing,11.73,403
5630,books-5630,books,13.10,410
5631,home-5631,home,14.47,417
5632,toys-5632,toys,15.84,424
5633,food-5633,food,17.21,431
5634,electronics-5634,electronics,18.58,438
5635,clothing-5635,clothing,19.95,445
5636,books-5636,books,21.32,452
5637,home-5637,home,22.69,459
5638,toys-5638,toys,24.06,466
5639,food-5639,food,25.43,473
5640,electronics-5640,electronics,26.80,480
5641,clothing-5641,clothing,28.17,487
5642,books-5642,books,29.54,494
5643,home-5643,home,30.91,1
5644,toys-5644,toys,32.28,8
5645,food-5645,food,33.65,15
5646,electronics-5646,electronics,35.02,22
5647,clothing-5647,clothing,36.39,29
5648,books-5648,books,37.76,36
5649,home-5649,home,39.13,43
5650,toys-5650,toys,40.50,50
5651,food-5651,food,41.87,57
5652,electronics-5652,electronics,43.24,64
5653,clothing-5653,clothing,44.61,71
5654,books-5654,books,45.98,78
5655,home-5655,home,47.35,85
5656,toys-5656,toys,48.72,92
5657,food-5657,food,50.09,99
5658,electronics-5658,electronics,51.46,106
5659,clothing-5659,clothing,52.83,113
5660,books-5660,books,54.20,120
5661,home-5661,home,55.57,127
5662,toys-5662,toys,56.94,134
5663,food-5663,food,58.31,141
5664,electronics-5664,electronics,59.68,148
5665,clothing-5665,clothing,61.05,155
5666,books-5666,books,62.42,162
5667,home-5667,home,63.79,169
5668,toys-5668,toys,65.16,176
5669,food-5669,food,66.53,183
5670,electronics-5670,electronics,67.90,190
5671,clothing-5671,clothing,69.27,197
5672,books-5672,books,70.64,204
5673,home-5673,home,72.01,211
5674,toys-5674,toys,73.38,218
5675,food-5675,food,74.75,225
5676,electronics-5676,electronics,76.12,232
5677,clothing-5677,clothing,77.49,239
5678,books-5678,books,78.86,246
5679,home-5679,home,80.23,253
5680,toys-5680,toys,81.60,260
5681,food-5681,food,82.97,267
5682,electronics-5682,electronics,84.34,274
5683,clothing-5683,clothing,85.71,281
5684,books-5684,books,87.08,288
5685,home-5685,home,88.45,295
5686,toys-5686,toys,89.82,302
5687,food-5687,food,91.19,309
5688,electronics-5688,electronics,92.56,316
5689,clothing-5689,clothing,93.93,323
5690,books-5690,books,95.30,330
5691,home-5691,home,96.67,337
5692,toys-5692,toys,98.04,344
5693,food-5693,food,99.41,351
5694,electronics-5694,electronics,0.78,358
5695,clothing-5695,clothing,2.15,365
5696,books-5696,books,3.52,372
5697,home-5697,home,4.89,379
5698,toys-5698,toys,6.26,386
5699,food-5699,food,7.63,393
5700,electronics-5700,electronics,9.00,400
5701,clothing-5701,clothing,10.37,407
5702,books-5702,books,11.74,414
5703,home-5703,home,13.11,421
5704,toys-5704,toys,14.48,428
5705,food-5705,food,15.85,435
5706,electronics-5706,electronics,17.22,442
5707,clothing-5707,clothing,18.59,449
5708,books-5708,books,19.96,456
5709,home-5709,home,21.33,463
5710,toys-5710,toys,22.70,470
5711,food-5711,food,24.07,477
5712,electronics-5712,electronics,25.44,484
5713,clothing-5713,clothing,26.81,491
5714,books-5714,books,28.18,498
5715,home-5715,home,29.55,5
5716,toys-5716,toys,30.92,12
5717,food-5717,food,32.29,19
5718,electronics-5718,electronics,33.66,26
5719,clothing-5719,clothing,35.03,33
5720,books-5720,books,36.40,40
5721,home-5721,home,37.77,47
5722,toys-5722,toys,39.14,54
5723,food-5723,food,40.51,61
5724,electronics-5724,electronics,41.88,68
5725,clothing-5725,clothing,43.25,75
5726,books-5726,books,44.62,82
5727,home-5727,home,45.99,89
5728,toys-5728,toys,47.36,96
5729,food-5729,food,48.73,103
5730,electronics-5730,electronics,50.10,110
5731,clothing-5731,clothing,51.47,117
5732,books-5732,books,52.84,124
5733,home-5733,home,54.21,131
5734,toys-5734,toys,55.58,138
5735,food-5735,food,56.95,145
5736,electronics-5736,electronics,58.32,152
5737,clothing-5737,clothing,59.69,159
5738,books-5738,books,61.06,166
5739,home-5739,home,62.43,173
5740,toys-5740,toys,63.80,180
5741,food-5741,food,65.17,187
5742,electronics-5742,electronics,66.54,194
5743,clothing-5743,clothing,67.91,201
5744,books-5744,books,69.28,208
5745,home-5745,home,70.65,215
5746,toys-5746,toys,72.02,222
5747,food-5747,food,73.39,229
5748,electronics-5748,electronics,74.76,236
5749,clothing-5749,clothing,76.13,243
5750,books-5750,books,77.50,250
5751,home-5751,home,78.87,257
5752,toys-5752,toys,80.24,264
5753,food-5753,food,81.61,271
5754,electronics-5754,electronics,82.98,278
5755,clothing-5755,clothing,84.35,285
5756,books-5756,books,85.72,292
5757,home-5757,home,87.09,299
5758,toys-5758,toys,88.46,306
5759,food-5759,food,89.83,313
5760,electronics-5760,electronics,91.20,320
5761,clothing-5761,clothing,92.57,327
5762,books-5762,books,93.94,334
5763,home-5763,home,95.31,341
5764,toys-5764,toys,96.68,348
5765,food-5765,food,98.05,355
5766,electronics-5766,electronics,99.42,362
5767,clothing-5767,clothing,0.79,369
5768,books-5768,books,2.16,376
5769,home-5769,home,3.53,383
5770,toys-5770,toys,4.90,390
5771,food-5771,food,6.27,397
5772,electronics-5772,electronics,7.64,404
5773,clothing-5773,clothing,9.01,411
5774,books-5774,books,10.38,418
5775,home-5775,home,11.75,425
5776,toys-5776,toys,13.12,432
5777,food-5777,food,14.49,439
5778,electronics-5778,electronics,15.86,446
5779,clothing-5779,clothing,17.23,453
5780,books-5780,books,18.60,460
5781,home-5781,home,19.97,467
5782,toys-5782,toys,21.34,474
5783,food-5783,food,22.71,481
5784,electronics-5784,electronics,24.08,488
5785,clothing-5785,clothing,25.45,495
5786,books-5786,books,26.82,2
5787,home-5787,home,28.19,9
5788,toys-5788,toys,29.56,16
5789,food-5789,food,30.93,23
5790,electronics-5790,electronics,32.30,30
5791,clothing-5791,clothing,33.67,37
5792,books-5792,books,35.04,44
5793,home-5793,home,36.41,51
5794,toys-5794,toys,37.78,58
5795,food-5795,food,39.15,65
5796,electronics-5796,electronics,40.52,72
5797,clothing-5797,clothing,41.89,79
5798,books-5798,books,43.26,86
5799,home-5799,home,44.63,93
5800,toys-5800,toys,46.00,100
5801,food-5801,food,47.37,107
5802,electronics-5802,electronics,48.74,114
5803,clothing-5803,clothing,50.11,121
5804,books-5804,books,51.48,128
5805,home-5805,home,52.85,135
5806,toys-5806,toys,54.22,142
5807,food-5807,food,55.59,149
5808,electronics-5808,electronics,56.96,156
5809,clothing-5809,clothing,58.33,163
5810,books-5810,books,59.70,170
5811,home-5811,home,61.07,177
5812,toys-5812,toys,62.44,184
5813,food-5813,food,63.81,191
5814,electronics-5814,electronics,65.18,198
5815,clothing-5815,clothing,66.55,205
5816,books-5816,books,67.92,212
5817,home-5817,home,69.29,219
5818,toys-5818,toys,70.66,226
5819,food-5819,food,72.03,233
5820,electronics-5820,electronics,73.40,240
5821,clothing-5821,clothing,74.77,247
5822,books-5822,books,76.14,254
5823,home-5823,home,77.51,261
5824,toys-5824,toys,78.88,268
5825,food-5825,food,80.25,275
5826,electronics-5826,electronics,81.62,282
5827,clothing-5827,clothing,82.99,289
5828,books-5828,books,84.36,296
5829,home-5829,home,85.73,303
5830,toys-5830,toys,87.10,310
5831,food-5831,food,88.47,317
5832,electronics-5832,electronics,89.84,324
5833,clothing-5833,clothing,91.21,331
5834,books-5834,books,92.58,338
5835,home-5835,home,93.95,345
5836,toys-5836,toys,95.32,352
5837,food-5837,food,96.69,359
5838,electronics-5838,electronics,98.06,366
5839,clothing-5839,clothing,99.43,373
5840,books-5840,books,0.80,380
5841,home-5841,home,2.17,387
5842,toys-5842,toys,3.54,394
5843,food-5843,food,4.91,401
5844,electronics-5844,electronics,6.28,408
5845,clothing-5845,clothing,7.65,415
5846,books-5846,books,9.02,422
5847,home-5847,home,10.39,429
5848,toys-5848,toys,11.76,436
5849,food-5849,food,13.13,443
5850,electronics-5850,electronics,14.50,450
5851,clothing-5851,clothing,15.87,457
5852,books-5852,books,17.24,464
5853,home-5853,home,18.61,471
5854,toys-5854,toys,19.98,478
5855,food-5855,food,21.35,485
5856,electronics-5856,electronics,22.72,492
5857,clothing-5857,clothing,24.09,499
5858,books-5858,books,25.46,6
5859,home-5859,home,26.83,13
5860,toys-5860,toys,28.20,20
5861,food-5861,food,29.57,27
5862,electronics-5862,electronics,30.94,34
5863,clothing-5863,clothing,32.31,41
5864,books-5864,books,33.68,48
5865,home-5865,home,35.05,55
5866,toys-5866,toys,36.42,62
5867,food-5867,food,37.79,69
5868,electronics-5868,electronics,39.16,76
5869,clothing-5869,clothing,40.53,83
5870,books-5870,books,41.90,90
5871,home-5871,home,43.27,97
5872,toys-5872,toys,44.64,104
5873,food-5873,food,46.01,111
5874,electronics-5874,electronics,47.38,118
5875,clothing-5875,clothing,48.75,125
5876,books-5876,books,50.12,132
5877,home-5877,home,51.49,139
5878,toys-5878,toys,52.86,146
5879,food-5879,food,54.23,153
5880,electronics-5880,electronics,55.60,160
5881,clothing-5881,clothing,56.97,167
5882,books-5882,books,58.34,174
5883,home-5883,home,59.71,181
5884,toys-5884,toys,61.08,188
5885,food-5885,food,62.45,195
5886,electronics-5886,electronics,63.82,202
5887,clothing-5887,clothing,65.19,209
5888,books-5888,books,66.56,216
5889,home-5889,home,67.93,223
5890,toys-5890,toys,69.30,230
5891,food-5891,food,70.67,237
5892,electronics-5892,electronics,72.04,244
5893,clothing-5893,clothing,73.41,251
5894,books-5894,books,74.78,258
5895,home-5895,home,76.15,265
5896,toys-5896,toys,77.52,272
5897,food-5897,food,78.89,279
5898,electronics-5898,electronics,80.26,286
5899,clothing-5899,clothing,81.63,293
5900,books-5900,books,83.00,300
5901,home-5901,home,84.37,307
5902,toys-5902,toys,85.74,314
5903,food-5903,food,87.11,321
5904,electronics-5904,electronics,88.48,328
5905,clothing-5905,clothing,89.85,335
5906,books-5906,books,91.22,342
5907,home-5907,home,92.59,349
5908,toys-5908,toys,93.96,356
5909,food-5909,food,95.33,363
5910,electronics-5910,electronics,96.70,370
5911,clothing-5911,clothing,98.07,377
5912,books-5912,books,99.44,384
5913,home-5913,home,0.81,391
5914,toys-5914,toys,2.18,398
5915,food-5915,food,3.55,405
5916,electronics-5916,electronics,4.92,412
5917,clothing-5917,clothing,6.29,419
5918,books-5918,books,7.66,426
5919,home-5919,home,9.03,433
5920,toys-5920,toys,10.40,440
5921,food-5921,food,11.77,447
5922,electronics-5922,electronics,13.14,454
5923,clothing-5923,clothing,14.51,461
5924,books-5924,books,15.88,468
5925,home-5925,home,17.25,475
5926,toys-5926,toys,18.62,482
5927,food-5927,food,19.99,489
5928,electronics-5928,electronics,21.36,496
5929,clothing-5929,clothing,22.73,3
5930,books-5930,books,24.10,10
5931,home-5931,home,25.47,17
5932,toys-5932,toys,26.84,24
5933,food-5933,food,28.21,31
5934,electronics-5934,electronics,29.58,38
5935,clothing-5935,clothing,30.95,45
5936,books-5936,books,32.32,52
5937,home-5937,home,33.69,59
5938,toys-5938,toys,35.06,66
5939,food-5939,food,36.43,73
5940,electronics-5940,electronics,37.80,80
5941,clothing-5941,clothing,39.17,87
5942,books-5942,books,40.54,94
5943,home-5943,home,41.91,101
5944,toys-5944,toys,43.28,108
5945,food-5945,food,44.65,115
5946,electronics-5946,electronics,46.02,122
5947,clothing-5947,clothing,47.39,129
5948,books-5948,books,48.76,136
5949,home-5949,home,50.13,143
5950,toys-5950,toys,51.50,150
5951,food-5951,food,52.87,157
5952,electronics-5952,electronics,54.24,164
5953,clothing-5953,clothing,55.61,171
5954,books-5954,books,56.98,178
5955,home-5955,home,58.35,185
5956,toys-5956,toys,59.72,192
5957,food-5957,food,61.09,199
5958,electronics-5958,electronics,62.46,206
5959,clothing-5959,clothing,63.83,213
5960,books-5960,books,65.20,220
5961,home-5961,home,66.57,227
5962,toys-5962,toys,67.94,234
5963,food-5963,food,69.31,241
5964,electronics-5964,electronics,70.68,248
5965,clothing-5965,clothing,72.05,255
5966,books-5966,books,73.42,262
5967,home-5967,home,74.79,269
5968,toys-5968,toys,76.16,276
5969,food-5969,food,77.53,283
5970,electronics-5970,electronics,78.90,290
5971,clothing-5971,clothing,80.27,297
5972,books-5972,books,81.64,304
5973,home-5973,home,83.01,311
5974,toys-5974,toys,84.38,318
5975,food-5975,food,85.75,325
5976,electronics-5976,electronics,87.12,332
5977,clothing-5977,clothing,88.49,339
5978,books-5978,books,89.86,346
5979,home-5979,home,91.23,353
5980,toys-5980,toys,92.60,360
5981,food-5981,food,93.97,367
5982,electronics-5982,electronics,95.34,374
5983,clothing-5983,clothing,96.71,381
5984,books-5984,books,98.08,388
5985,home-5985,home,99.45,395
5986,toys-5986,toys,0.82,402
5987,food-5987,food,2.19,409
5988,electronics-5988,electronics,3.56,416
5989,clothing-5989,clothing,4.93,423
5990,books-5990,books,6.30,430
5991,home-5991,home,7.67,437
5992,toys-5992,toys,9.04,444
5993,food-5993,food,10.41,451
5994,electronics-5994,electronics,11.78,458
5995,clothing-5995,clothing,13.15,465
5996,books-5996,books,14.52,472
5997,home-5997,home,15.89,479
5998,toys-5998,toys,17.26,486
5999,food-5999,food,18.63,493
6000,electronics-6000,electronics,20.00,0
6001,clothing-6001,clothing,21.37,7
6002,books-6002,books,22.74,14
6003,home-6003,home,24.11,21
6004,toys-6004,toys,25.48,28
6005,food-6005,food,26.85,35
6006,electronics-6006,electronics,28.22,42
6007,clothing-6007,clothing,29.59,49
6008,books-6008,books,30.96,56
6009,home-6009,home,32.33,63
6010,toys-6010,toys,33.70,70
6011,food-6011,food,35.07,77
6012,electronics-6012,electronics,36.44,84
6013,clothing-6013,clothing,37.81,91
6014,books-6014,books,39.18,98
6015,home-6015,home,40.55,105
6016,toys-6016,toys,41.92,112
6017,food-6017,food,43.29,119
6018,electronics-6018,electronics,44.66,126
6019,clothing-6019,clothing,46.03,133
6020,books-6020,books,47.40,140
6021,home-6021,home,48.77,147
6022,toys-6022,toys,50.14,154
6023,food-6023,food,51.51,161
6024,electronics-6024,electronics,52.88,168
6025,clothing-6025,clothing,54.25,175
6026,books-6026,books,55.62,182
6027,home-6027,home,56.99,189
6028,toys-6028,toys,58.36,196
6029,food-6029,food,59.73,203
6030,electronics-6030,electronics,61.10,210
6031,clothing-6031,clothing,62.47,217
6032,books-6032,books,63.84,224
6033,home-6033,home,65.21,231
6034,toys-6034,toys,66.58,238
6035,food-6035,food,67.95,245
6036,electronics-6036,electronics,69.32,252
6037,clothing-6037,clothing,70.69,259
6038,books-6038,books,72.06,266
6039,home-6039,home,73.43,273
6040,toys-6040,toys,74.80,280
6041,food-6041,food,76.17,287
6042,electronics-6042,electronics,77.54,294
6043,clothing-6043,clothing,78.91,301
6044,books-6044,books,80.28,308
6045,home-6045,home,81.65,315
6046,toys-6046,toys,83.02,322
6047,food-6047,food,84.39,329
6048,electronics-6048,electronics,85.76,336
6049,clothing-6049,clothing,87.13,343
6050,books-6050,books,88.50,350
6051,home-6051,home,89.87,357
6052,toys-6052,toys,91.24,364
6053,food-6053,food,92.61,371
6054,electronics-6054,electronics,93.98,378
6055,clothing-6055,clothing,95.35,385
6056,books-6056,books,96.72,392
6057,home-6057,home,98.09,399
6058,toys-6058,toys,99.46,406
6059,food-6059,food,0.83,413
6060,electronics-6060,electronics,2.20,420
6061,clothing-6061,clothing,3.57,427
6062,books-6062,books,4.94,434
6063,home-6063,home,6.31,441
6064,toys-6064,toys,7.68,448
6065,food-6065,food,9.05,455
6066,electronics-6066,electronics,10.42,462
6067,clothing-6067,clothing,11.79,469
6068,books-6068,books,13.16,476
6069,home-6069,home,14.53,483
6070,toys-6070,toys,15.90,490
6071,food-6071,food,17.27,497
6072,electronics-6072,electronics,18.64,4
6073,clothing-6073,clothing,20.01,11
6074,books-6074,books,21.38,18
6075,home-6075,home,22.75,25
6076,toys-6076,toys,24.12,32
6077,food-6077,food,25.49,39
6078,electronics-6078,electronics,26.86,46
6079,clothing-6079,clothing,28.23,53
6080,books-6080,books,29.60,60
6081,home-6081,home,30.97,67
6082,toys-6082,toys,32.34,74
6083,food-6083,food,33.71,81
6084,electronics-6084,electronics,35.08,88
6085,clothing-6085,clothing,36.45,95
6086,books-6086,books,37.82,102
6087,home-6087,home,39.19,109
6088,toys-6088,toys,40.56,116
6089,food-6089,food,41.93,123
6090,electronics-6090,electronics,43.30,130
6091,clothing-6091,clothing,44.67,137
6092,books-6092,books,46.04,144
6093,home-6093,home,47.41,151
6094,toys-6094,toys,48.78,158
6095,food-6095,food,50.15,165
6096,electronics-6096,electronics,51.52,172
6097,clothing-6097,clothing,52.89,179
6098,books-6098,books,54.26,186
6099,home-6099,home,55.63,193
6100,toys-6100,toys,57.00,200
6101,food-6101,food,58.37,207
6102,electronics-6102,electronics,59.74,214
6103,clothing-6103,clothing,61.11,221
6104,books-6104,books,62.48,228
6105,home-6105,home,63.85,235
6106,toys-6106,toys,65.22,242
6107,food-6107,food,66.59,249
6108,electronics-6108,electronics,67.96,256
6109,clothing-6109,clothing,69.33,263
6110,books-6110,books,70.70,270
6111,home-6111,home,72.07,277
6112,toys-6112,toys,73.44,284
6113,food-6113,food,74.81,291
6114,electronics-6114,electronics,76.18,298
6115,clothing-6115,clothing,77.55,305
6116,books-6116,books,78.92,312
6117,home-6117,home,80.29,319
6118,toys-6118,toys,81.66,326
6119,food-6119,food,83.03,333
6120,electronics-6120,electronics,84.40,340
6121,clothing-6121,clothing,85.77,347
6122,books-6122,books,87.14,354
6123,home-6123,home,88.51,361
6124,toys-6124,toys,89.88,368
6125,food-6125,food,91.25,375
6126,electronics-6126,electronics,92.62,382
6127,clothing-6127,clothing,93.99,389
6128,books-6128,books,95.36,396
6129,home-6129,home,96.73,403
6130,toys-6130,toys,98.10,410
6131,food-6131,food,99.47,417
6132,electronics-6132,electronics,0.84,424
6133,clothing-6133,clothing,2.21,431
6134,books-6134,books,3.58,438
6135,home-6135,home,4.95,445
6136,toys-6136,toys,6.32,452
6137,food-6137,food,7.69,459
6138,electronics-6138,electronics,9.06,466
6139,clothing-6139,clothing,10.43,473
6140,books-6140,books,11.80,480
6141,home-6141,home,13.17,487
6142,toys-6142,toys,14.54,494
6143,food-6143,food,15.91,1
6144,electronics-6144,electronics,17.28,8
6145,clothing-6145,clothing,18.65,15
6146,books-6146,books,20.02,22
6147,home-6147,home,21.39,29
6148,toys-6148,toys,22.76,36
6149,food-6149,food,24.13,43
6150,electronics-6150,electronics,25.50,50
6151,clothing-6151,clothing,26.87,57
6152,books-6152,books,28.24,64
6153,home-6153,home,29.61,71
6154,toys-6154,toys,30.98,78
6155,food-6155,food,32.35,85
6156,electronics-6156,electronics,33.72,92
6157,clothing-6157,clothing,35.09,99
6158,books-6158,books,36.46,106
6159,home-6159,home,37.83,113
6160,toys-6160,toys,39.20,120
6161,food-6161,food,40.57,127
6162,electronics-6162,electronics,41.94,134
6163,clothing-6163,clothing,43.31,141
6164,books-6164,books,44.68,148
6165,home-6165,home,46.05,155
6166,toys-6166,toys,47.42,162
6167,food-6167,food,48.79,169
6168,electronics-6168,electronics,50.16,176
6169,clothing-6169,clothing,51.53,183
6170,books-6170,books,52.90,190
6171,home-6171,home,54.27,197
6172,toys-6172,toys,55.64,204
6173,food-6173,food,57.01,211
6174,electronics-6174,electronics,58.38,218
6175,clothing-6175,clothing,59.75,225
6176,books-6176,books,61.12,232
6177,home-6177,home,62.49,239
6178,toys-6178,toys,63.86,246
6179,food-6179,food,65.23,253
6180,electronics-6180,electronics,66.60,260
6181,clothing-6181,clothing,67.97,267
6182,books-6182,books,69.34,274
6183,home-6183,home,70.71,281
6184,toys-6184,toys,72.08,288
6185,food-6185,food,73.45,295
6186,electronics-6186,electronics,74.82,302
6187,clothing-6187,clothing,76.19,309
6188,books-6188,books,77.56,316
6189,home-6189,home,78.93,323
6190,toys-6190,toys,80.30,330
6191,food-6191,food,81.67,337
6192,electronics-6192,electronics,83.04,344
6193,clothing-6193,clothing,84.41,351
6194,books-6194,books,85.78,358
6195,home-6195,home,87.15,365
6196,toys-6196,toys,88.52,372
6197,food-6197,food,89.89,379
6198,electronics-6198,electronics,91.26,386
6199,clothing-6199,clothing,92.63,393
6200,books-6200,books,94.00,400
6201,home-6201,home,95.37,407
6202,toys-6202,toys,96.74,414
6203,food-6203,food,98.11,421
6204,electronics-6204,electronics,99.48,428
6205,clothing-6205,clothing,0.85,435
6206,books-6206,books,2.22,442
6207,home-6207,home,3.59,449
6208,toys-6208,toys,4.96,456
6209,food-6209,food,6.33,463
6210,electronics-6210,electronics,7.70,470
6211,clothing-6211,clothing,9.07,477
6212,books-6212,books,10.44,484
6213,home-6213,home,11.81,491
6214,toys-6214,toys,13.18,498
6215,food-6215,food,14.55,5
6216,electronics-6216,electronics,15.92,12
6217,clothing-6217,clothing,17.29,19
6218,books-6218,books,18.66,26
6219,home-6219,home,20.03,33
6220,toys-6220,toys,21.40,40
6221,food-6221,food,22.77,47
6222,electronics-6222,electronics,24.14,54
6223,clothing-6223,clothing,25.51,61
6224,books-6224,books,26.88,68
6225,home-6225,home,28.25,75
6226,toys-6226,toys,29.62,82
6227,food-6227,food,30.99,89
6228,electronics-6228,electronics,32.36,96
6229,clothing-6229,clothing,33.73,103
6230,books-6230,books,35.10,110
6231,home-6231,home,36.47,117
6232,toys-6232,toys,37.84,124
6233,food-6233,food,39.21,131
6234,electronics-6234,electronics,40.58,138
6235,clothing-6235,clothing,41.95,145
6236,books-6236,books,43.32,152
6237,home-6237,home,44.69,159
6238,toys-6238,toys,46.06,166
6239,food-6239,food,47.43,173
6240,electronics-6240,electronics,48.80,180
6241,clothing-6241,clothing,50.17,187
6242,books-6242,books,51.54,194
6243,home-6243,home,52.91,201
6244,toys-6244,toys,54.28,208
6245,food-6245,food,55.65,215
6246,electronics-6246,electronics,57.02,222
6247,clothing-6247,clothing,58.39,229
6248,books-6248,books,59.76,236
6249,home-6249,home,61.13,243
6250,toys-6250,toys,62.50,250
6251,food-6251,food,63.87,257
6252,electronics-6252,electronics,65.24,264
6253,clothing-6253,clothing,66.61,271
6254,books-6254,books,67.98,278
6255,home-6255,home,69.35,285
6256,toys-6256,toys,70.72,292
6257,food-6257,food,72.09,299
6258,electronics-6258,electronics,73.46,306
6259,clothing-6259,clothing,74.83,313
6260,books-6260,books,76.20,320
6261,home-6261,home,77.57,327
6262,toys-6262,toys,78.94,334
6263,food-6263,food,80.31,341
6264,electronics-6264,electronics,81.68,348
6265,clothing-6265,clothing,83.05,355
6266,books-6266,books,84.42,362
6267,home-6267,home,85.79,369
6268,toys-6268,toys,87.16,376
6269,food-6269,food,88.53,383
6270,electronics-6270,electronics,89.90,390
6271,clothing-6271,clothing,91.27,397
6272,books-6272,books,92.64,404
6273,home-6273,home,94.01,411
6274,toys-6274,toys,95.38,418
6275,food-6275,food,96.75,425
6276,electronics-6276,electronics,98.12,432
6277,clothing-6277,clothing,99.49,439
6278,books-6278,books,0.86,446
6279,home-6279,home,2.23,453
6280,toys-6280,toys,3.60,460
6281,food-6281,food,4.97,467
6282,electronics-6282,electronics,6.34,474
6283,clothing-6283,clothing,7.71,481
6284,books-6284,books,9.08,488
6285,home-6285,home,10.45,495
6286,toys-6286,toys,11.82,2
6287,food-6287,food,13.19,9
6288,electronics-6288,electronics,14.56,16
6289,clothing-6289,clothing,15.93,23
6290,books-6290,books,17.30,30
6291,home-6291,home,18.67,37
6292,toys-6292,toys,20.04,44
6293,food-6293,food,21.41,51
6294,electronics-6294,electronics,22.78,58
6295,clothing-6295,clothing,24.15,65
6296,books-6296,books,25.52,72
6297,home-6297,home,26.89,79
6298,toys-6298,toys,28.26,86
6299,food-6299,food,29.63,93
6300,electronics-6300,electronics,31.00,100
6301,clothing-6301,clothing,32.37,107
6302,books-6302,books,33.74,114
6303,home-6303,home,35.11,121
6304,toys-6304,toys,36.48,128
6305,food-6305,food,37.85,135
6306,electronics-6306,electronics,39.22,142
6307,clothing-6307,clothing,40.59,149
6308,books-6308,books,41.96,156
6309,home-6309,home,43.33,163
6310,toys-6310,toys,44.70,170
6311,food-6311,food,46.07,177
6312,electronics-6312,electronics,47.44,184
6313,clothing-6313,clothing,48.81,191
6314,books-6314,books,50.18,198
6315,home-6315,home,51.55,205
6316,toys-6316,toys,52.92,212
6317,food-6317,food,54.29,219
6318,electronics-6318,electronics,55.66,226
6319,clothing-6319,clothing,57.03,233
6320,books-6320,books,58.40,240
6321,home-6321,home,59.77,247
6322,toys-6322,toys,61.14,254
6323,food-6323,food,62.51,261
6324,electronics-6324,electronics,63.88,268
6325,clothing-6325,clothing,65.25,275
6326,books-6326,books,66.62,282
6327,home-6327,home,67.99,289
6328,toys-6328,toys,69.36,296
6329,food-6329,food,70.73,303
6330,electronics-6330,electronics,72.10,310
6331,clothing-6331,clothing,73.47,317
6332,books-6332,books,74.84,324
6333,home-6333,home,76.21,331
6334,toys-6334,toys,77.58,338
6335,food-6335,food,78.95,345
6336,electronics-6336,electronics,80.32,352
6337,clothing-6337,clothing,81.69,359
6338,books-6338,books,83.06,366
6339,home-6339,home,84.43,373
6340,toys-6340,toys,85.80,380
6341,food-6341,food,87.17,387
6342,electronics-6342,electronics,88.54,394
6343,clothing-6343,clothing,89.91,401
6344,books-6344,books,91.28,408
6345,home-6345,home,92.65,415
6346,toys-6346,toys,94.02,422
6347,food-6347,food,95.39,429
6348,electronics-6348,electronics,96.76,436
6349,clothing-6349,clothing,98.13,443
6350,books-6350,books,99.50,450
6351,home-6351,home,0.87,457
6352,toys-6352,toys,2.24,464
6353,food-6353,food,3.61,471
6354,electronics-6354,electronics,4.98,478
6355,clothing-6355,clothing,6.35,485
6356,books-6356,books,7.72,492
6357,home-6357,home,9.09,499
6358,toys-6358,toys,10.46,6
6359,food-6359,food,11.83,13
6360,electronics-6360,electronics,13.20,20
6361,clothing-6361,clothing,14.57,27
6362,books-6362,books,15.94,34
6363,home-6363,home,17.31,41
6364,toys-6364,toys,18.68,48
6365,food-6365,food,20.05,55
6366,electronics-6366,electronics,21.42,62
6367,clothing-6367,clothing,22.79,69
6368,books-6368,books,24.16,76
6369,home-6369,home,25.53,83
6370,toys-6370,toys,26.90,90
6371,food-6371,food,28.27,97
6372,electronics-6372,electronics,29.64,104
6373,clothing-6373,clothing,31.01,111
6374,books-6374,books,32.38,118
6375,home-6375,home,33.75,125
6376,toys-6376,toys,35.12,132
6377,food-6377,food,36.49,139
6378,electronics-6378,electronics,37.86,146
6379,clothing-6379,clothing,39.23,153
6380,books-6380,books,40.60,160
6381,home-6381,home,41.97,167
6382,toys-6382,toys,43.34,174
6383,food-6383,food,44.71,181
6384,electronics-6384,electronics,46.08,188
6385,clothing-6385,clothing,47.45,195
6386,books-6386,books,48.82,202
6387,home-6387,home,50.19,209
6388,toys-6388,toys,51.56,216
6389,food-6389,food,52.93,223
6390,electronics-6390,electronics,54.30,230
6391,clothing-6391,clothing,55.67,237
6392,books-6392,books,57.04,244
6393,home-6393,home,58.41,251
6394,toys-6394,toys,59.78,258
6395,food-6395,food,61.15,265
6396,electronics-6396,electronics,62.52,272
6397,clothing-6397,clothing,63.89,279
6398,books-6398,books,65.26,286
6399,home-6399,home,66.63,293
6400,toys-6400,toys,68.00,300
6401,food-6401,food,69.37,307
6402,electronics-6402,electronics,70.74,314
6403,clothing-6403,clothing,72.11,321
6404,books-6404,books,73.48,328
6405,home-6405,home,74.85,335
6406,toys-6406,toys,76.22,342
6407,food-6407,food,77.59,349
6408,electronics-6408,electronics,78.96,356
6409,clothing-6409,clothing,80.33,363
6410,books-6410,books,81.70,370
6411,home-6411,home,83.07,377
6412,toys-6412,toys,84.44,384
6413,food-6413,food,85.81,391
6414,electronics-6414,electronics,87.18,398
6415,clothing-6415,clothing,88.55,405
6416,books-6416,books,89.92,412
6417,home-6417,home,91.29,419
6418,toys-6418,toys,92.66,426
6419,food-6419,food,94.03,433
6420,electronics-6420,electronics,95.40,440
6421,clothing-6421,clothing,96.77,447
6422,books-6422,books,98.14,454
6423,home-6423,home,99.51,461
6424,toys-6424,toys,0.88,468
6425,food-6425,food,2.25,475
6426,electronics-6426,electronics,3.62,482
6427,clothing-6427,clothing,4.99,489
6428,books-6428,books,6.36,496
6429,home-6429,home,7.73,3
6430,toys-6430,toys,9.10,10
6431,food-6431,food,10.47,17
6432,electronics-6432,electronics,11.84,24
6433,clothing-6433,clothing,13.21,31
6434,books-6434,books,14.58,38
6435,home-6435,home,15.95,45
6436,toys-6436,toys,17.32,52
6437,food-6437,food,18.69,59
6438,electronics-6438,electronics,20.06,66
6439,clothing-6439,clothing,21.43,73
6440,books-6440,books,22.80,80
6441,home-6441,home,24.17,87
6442,toys-6442,toys,25.54,94
6443,food-6443,food,26.91,101
6444,electronics-6444,electronics,28.28,108
6445,clothing-6445,clothing,29.65,115
6446,books-6446,books,31.02,122
6447,home-6447,home,32.39,129
6448,toys-6448,toys,33.76,136
6449,food-6449,food,35.13,143
6450,electronics-6450,electronics,36.50,150
6451,clothing-6451,clothing,37.87,157
6452,books-6452,books,39.24,164
6453,home-6453,home,40.61,171
6454,toys-6454,toys,41.98,178
6455,food-6455,food,43.35,185
6456,electronics-6456,electronics,44.72,192
6457,clothing-6457,clothing,46.09,199
6458,books-6458,books,47.46,206
6459,home-6459,home,48.83,213
6460,toys-6460,toys,50.20,220
6461,food-6461,food,51.57,227
6462,electronics-6462,electronics,52.94,234
6463,clothing-6463,clothing,54.31,241
6464,books-6464,books,55.68,248
6465,home-6465,home,57.05,255
6466,toys-6466,toys,58.42,262
6467,food-6467,food,59.79,269
6468,electronics-6468,electronics,61.16,276
6469,clothing-6469,clothing,62.53,283
6470,books-6470,books,63.90,290
6471,home-6471,home,65.27,297
6472,toys-6472,toys,66.64,304
6473,food-6473,food,68.01,311
6474,electronics-6474,electronics,69.38,318
6475,clothing-6475,clothing,70.75,325
6476,books-6476,books,72.12,332
6477,home-6477,home,73.49,339
6478,toys-6478,toys,74.86,346
6479,food-6479,food,76.23,353
6480,electronics-6480,electronics,77.60,360
6481,clothing-6481,clothing,78.97,367
6482,books-6482,books,80.34,374
6483,home-6483,home,81.71,381
6484,toys-6484,toys,83.08,388
6485,food-6485,food,84.45,395
6486,electronics-6486,electronics,85.82,402
6487,clothing-6487,clothing,87.19,409
6488,books-6488,books,88.56,416
6489,home-6489,home,89.93,423
6490,toys-6490,toys,91.30,430
6491,food-6491,food,92.67,437
6492,electronics-6492,electronics,94.04,444
6493,clothing-6493,clothing,95.41,451
6494,books-6494,books,96.78,458
6495,home-6495,home,98.15,465
6496,toys-6496,toys,99.52,472
6497,food-6497,food,0.89,479
6498,electronics-6498,electronics,2.26,486
6499,clothing-6499,clothing,3.63,493
6500,books-6500,books,5.00,0
6501,home-6501,home,6.37,7
6502,toys-6502,toys,7.74,14
6503,food-6503,food,9.11,21
6504,electronics-6504,electronics,10.48,28
6505,clothing-6505,clothing,11.85,35
6506,books-6506,books,13.22,42
6507,home-6507,home,14.59,49
6508,toys-6508,toys,15.96,56
6509,food-6509,food,17.33,63
6510,electronics-6510,electronics,18.70,70
6511,clothing-6511,clothing,20.07,77
6512,books-6512,books,21.44,84
6513,home-6513,home,22.81,91
6514,toys-6514,toys,24.18,98
6515,food-6515,food,25.55,105
6516,electronics-6516,electronics,26.92,112
6517,clothing-6517,clothing,28.29,119
6518,books-6518,books,29.66,126
6519,home-6519,home,31.03,133
6520,toys-6520,toys,32.40,140
6521,food-6521,food,33.77,147
6522,electronics-6522,electronics,35.14,154
6523,clothing-6523,clothing,36.51,161
6524,books-6524,books,37.88,168
6525,home-6525,home,39.25,175
6526,toys-6526,toys,40.62,182
6527,food-6527,food,41.99,189
6528,electronics-6528,electronics,43.36,196
6529,clothing-6529,clothing,44.73,203
6530,books-6530,books,46.10,210
6531,home-6531,home,47.47,217
6532,toys-6532,toys,48.84,224
6533,food-6533,food,50.21,231
6534,electronics-6534,electronics,51.58,238
6535,clothing-6535,clothing,52.95,245
6536,books-6536,books,54.32,252
6537,home-6537,home,55.69,259
6538,toys-6538,toys,57.06,266
6539,food-6539,food,58.43,273
6540,electronics-6540,electronics,59.80,280
6541,clothing-6541,clothing,61.17,287
6542,books-6542,books,62.54,294
6543,home-6543,home,63.91,301
6544,toys-6544,toys,65.28,308
6545,food-6545,food,66.65,315
6546,electronics-6546,electronics,68.02,322
6547,clothing-6547,clothing,69.39,329
6548,books-6548,books,70.76,336
6549,home-6549,home,72.13,343
6550,toys-6550,toys,73.50,350
6551,food-6551,food,74.87,357
6552,electronics-6552,electronics,76.24,364
6553,clothing-6553,clothing,77.61,371
6554,books-6554,books,78.98,378
6555,home-6555,home,80.35,385
6556,toys-6556,toys,81.72,392
6557,food-6557,food,83.09,399
6558,electronics-6558,electronics,84.46,406
6559,clothing-6559,clothing,85.83,413
6560,books-6560,books,87.20,420
6561,home-6561,home,88.57,427
6562,toys-6562,toys,89.94,434
6563,food-6563,food,91.31,441
6564,electronics-6564,electronics,92.68,448
6565,clothing-6565,clothing,94.05,455
6566,books-6566,books,95.42,462
6567,home-6567,home,96.79,469
6568,toys-6568,toys,98.16,476
6569,food-6569,food,99.53,483
6570,electronics-6570,electronics,0.90,490
6571,clothing-6571,clothing,2.27,497
6572,books-6572,books,3.64,4
6573,home-6573,home,5.01,11
6574,toys-6574,toys,6.38,18
6575,food-6575,food,7.75,25
6576,electronics-6576,electronics,9.12,32
6577,clothing-6577,clothing,10.49,39
6578,books-6578,books,11.86,46
6579,home-6579,home,13.23,53
6580,toys-6580,toys,14.60,60
6581,food-6581,food,15.97,67
6582,electronics-6582,electronics,17.34,74
6583,clothing-6583,clothing,18.71,81
6584,books-6584,books,20.08,88
6585,home-6585,home,21.45,95
6586,toys-6586,toys,22.82,102
6587,food-6587,food,24.19,109
6588,electronics-6588,electronics,25.56,116
6589,clothing-6589,clothing,26.93,123
6590,books-6590,books,28.30,130
6591,home-6591,home,29.67,137
6592,toys-6592,toys,31.04,144
6593,food-6593,food,32.41,151
6594,electronics-6594,electronics,33.78,158
6595,clothing-6595,clothing,35.15,165
6596,books-6596,books,36.52,172
6597,home-6597,home,37.89,179
6598,toys-6598,toys,39.26,186
6599,food-6599,food,40.63,193
6600,electronics-6600,electronics,42.00,200
6601,clothing-6601,clothing,43.37,207
6602,books-6602,books,44.74,214
6603,home-6603,home,46.11,221
6604,toys-6604,toys,47.48,228
6605,food-6605,food,48.85,235
6606,electronics-6606,electronics,50.22,242
6607,clothing-6607,clothing,51.59,249
6608,books-6608,books,52.96,256
6609,home-6609,home,54.33,263
6610,toys-6610,toys,55.70,270
6611,food-6611,food,57.07,277
6612,electronics-6612,electronics,58.44,284
6613,clothing-6613,clothing,59.81,291
6614,books-6614,books,61.18,298
6615,home-6615,home,62.55,305
6616,toys-6616,toys,63.92,312
6617,food-6617,food,65.29,319
6618,electronics-6618,electronics,66.66,326
6619,clothing-6619,clothing,68.03,333
6620,books-6620,books,69.40,340
6621,home-6621,home,70.77,347
6622,toys-6622,toys,72.14,354
6623,food-6623,food,73.51,361
6624,electronics-6624,electronics,74.88,368
6625,clothing-6625,clothing,76.25,375
6626,books-6626,books,77.62,382
6627,home-6627,home,78.99,389
6628,toys-6628,toys,80.36,396
6629,food-6629,food,81.73,403
6630,electronics-6630,electronics,83.10,410
6631,clothing-6631,clothing,84.47,417
6632,books-6632,books,85.84,424
6633,home-6633,home,87.21,431
6634,toys-6634,toys,88.58,438
6635,food-6635,food,89.95,445
6636,electronics-6636,electronics,91.32,452
6637,clothing-6637,clothing,92.69,459
6638,books-6638,books,94.06,466
6639,home-6639,home,95.43,473
6640,toys-6640,toys,96.80,480
6641,food-6641,food,98.17,487
6642,electronics-6642,electronics,99.54,494
6643,clothing-6643,clothing,0.91,1
6644,books-6644,books,2.28,8
6645,home-6645,home,3.65,15
6646,toys-6646,toys,5.02,22
6647,food-6647,food,6.39,29
6648,electronics-6648,electronics,7.76,36
6649,clothing-6649,clothing,9.13,43
6650,books-6650,books,10.50,50
6651,home-6651,home,11.87,57
6652,toys-6652,toys,13.24,64
6653,food-6653,food,14.61,71
6654,electronics-6654,electronics,15.98,78
6655,clothing-6655,clothing,17.35,85
6656,books-6656,books,18.72,92
6657,home-6657,home,20.09,99
6658,toys-6658,toys,21.46,106
6659,food-6659,food,22.83,113
6660,electronics-6660,electronics,24.20,120
6661,clothing-6661,clothing,25.57,127
6662,books-6662,books,26.94,134
6663,home-6663,home,28.31,141
6664,toys-6664,toys,29.68,148
6665,food-6665,food,31.05,155
6666,electronics-6666,electronics,32.42,162
6667,clothing-6667,clothing,33.79,169
6668,books-6668,books,35.16,176
6669,home-6669,home,36.53,183
6670,toys-6670,toys,37.90,190
6671,food-6671,food,39.27,197
6672,electronics-6672,electronics,40.64,204
6673,clothing-6673,clothing,42.01,211
6674,books-6674,books,43.38,218
6675,home-6675,home,44.75,225
6676,toys-6676,toys,46.12,232
6677,food-6677,food,47.49,239
6678,electronics-6678,electronics,48.86,246
6679,clothing-6679,clothing,50.23,253
6680,books-6680,books,51.60,260
6681,home-6681,home,52.97,267
6682,toys-6682,toys,54.34,274
6683,food-6683,food,55.71,281
6684,electronics-6684,electronics,57.08,288
6685,clothing-6685,clothing,58.45,295
6686,books-6686,books,59.82,302
6687,home-6687,home,61.19,309
6688,toys-6688,toys,62.56,316
6689,food-6689,food,63.93,323
6690,electronics-6690,electronics,65.30,330
6691,clothing-6691,clothing,66.67,337
6692,books-6692,books,68.04,344
6693,home-6693,home,69.41,351
6694,toys-6694,toys,70.78,358
6695,food-6695,food,72.15,365
6696,electronics-6696,electronics,73.52,372
6697,clothing-6697,clothing,74.89,379
6698,books-6698,books,76.26,386
6699,home-6699,home,77.63,393
6700,toys-6700,toys,79.00,400
6701,food-6701,food,80.37,407
6702,electronics-6702,electronics,81.74,414
6703,clothing-6703,clothing,83.11,421
6704,books-6704,books,84.48,428
6705,home-6705,home,85.85,435
6706,toys-6706,toys,87.22,442
6707,food-6707,food,88.59,449
6708,electronics-6708,electronics,89.96,456
6709,clothing-6709,clothing,91.33,463
6710,books-6710,books,92.70,470
6711,home-6711,home,94.07,477
6712,toys-6712,toys,95.44,484
6713,food-6713,food,96.81,491
6714,electronics-6714,electronics,98.18,498
6715,clothing-6715,clothing,99.55,5
6716,books-6716,books,0.92,12
6717,home-6717,home,2.29,19
6718,toys-6718,toys,3.66,26
6719,food-6719,food,5.03,33
6720,electronics-6720,electronics,6.40,40
6721,clothing-6721,clothing,7.77,47
6722,books-6722,books,9.14,54
6723,home-6723,home,10.51,61
6724,toys-6724,toys,11.88,68
6725,food-6725,food,13.25,75
6726,electronics-6726,electronics,14.62,82
6727,clothing-6727,clothing,15.99,89
6728,books-6728,books,17.36,96
6729,home-6729,home,18.73,103
6730,toys-6730,toys,20.10,110
6731,food-6731,food,21.47,117
6732,electronics-6732,electronics,22.84,124
6733,clothing-6733,clothing,24.21,131
6734,books-6734,books,25.58,138
6735,home-6735,home,26.95,145
6736,toys-6736,toys,28.32,152
6737,food-6737,food,29.69,159
6738,electronics-6738,electronics,31.06,166
6739,clothing-6739,clothing,32.43,173
6740,books-6740,books,33.80,180
6741,home-6741,home,35.17,187
6742,toys-6742,toys,36.54,194
6743,food-6743,food,37.91,201
6744,electronics-6744,electronics,39.28,208
6745,clothing-6745,clothing,40.65,215
6746,books-6746,books,42.02,222
6747,home-6747,home,43.39,229
6748,toys-6748,toys,44.76,236
6749,food-6749,food,46.13,243
6750,electronics-6750,electronics,47.50,250
6751,clothing-6751,clothing,48.87,257
6752,books-6752,books,50.24,264
6753,home-6753,home,51.61,271
6754,toys-6754,toys,52.98,278
6755,food-6755,food,54.35,285
6756,electronics-6756,electronics,55.72,292
6757,clothing-6757,clothing,57.09,299
6758,books-6758,books,58.46,306
6759,home-6759,home,59.83,313
6760,toys-6760,toys,61.20,320
6761,food-6761,food,62.57,327
6762,electronics-6762,electronics,63.94,334
6763,clothing-6763,clothing,65.31,341
6764,books-6764,books,66.68,348
6765,home-6765,home,68.05,355
6766,toys-6766,toys,69.42,362
6767,food-6767,food,70.79,369
6768,electronics-6768,electronics,72.16,376
6769,clothing-6769,clothing,73.53,383
6770,books-6770,books,74.90,390
6771,home-6771,home,76.27,397
6772,toys-6772,toys,77.64,404
6773,food-6773,food,79.01,411
6774,electronics-6774,electronics,80.38,418
6775,clothing-6775,clothing,81.75,425
6776,books-6776,books,83.12,432
6777,home-6777,home,84.49,439
6778,toys-6778,toys,85.86,446
6779,food-6779,food,87.23,453
6780,electronics-6780,electronics,88.60,460
6781,clothing-6781,clothing,89.97,467
6782,books-6782,books,91.34,474
6783,home-6783,home,92.71,481
6784,toys-6784,toys,94.08,488
6785,food-6785,food,95.45,495
6786,electronics-6786,electronics,96.82,2
6787,clothing-6787,clothing,98.19,9
6788,books-6788,books,99.56,16
6789,home-6789,home,0.93,23
6790,toys-6790,toys,2.30,30
6791,food-6791,food,3.67,37
6792,electronics-6792,electronics,5.04,44
6793,clothing-6793,clothing,6.41,51
6794,books-6794,books,7.78,58
6795,home-6795,home,9.15,65
6796,toys-6796,toys,10.52,72
6797,food-6797,food,11.89,79
6798,electronics-6798,electronics,13.26,86
6799,clothing-6799,clothing,14.63,93
6800,books-6800,books,16.00,100
6801,home-6801,home,17.37,107
6802,toys-6802,toys,18.74,114
6803,food-6803,food,20.11,121
6804,electronics-6804,electronics,21.48,128
6805,clothing-6805,clothing,22.85,135
6806,books-6806,books,24.22,142
6807,home-6807,home,25.59,149
6808,toys-6808,toys,26.96,156
6809,food-6809,food,28.33,163
6810,electronics-6810,electronics,29.70,170
6811,clothing-6811,clothing,31.07,177
6812,books-6812,books,32.44,184
6813,home-6813,home,33.81,191
6814,toys-6814,toys,35.18,198
6815,food-6815,food,36.55,205
6816,electronics-6816,electronics,37.92,212
6817,clothing-6817,clothing,39.29,219
6818,books-6818,books,40.66,226
6819,home-6819,home,42.03,233
6820,toys-6820,toys,43.40,240
6821,food-6821,food,44.77,247
6822,electronics-6822,electronics,46.14,254
6823,clothing-6823,clothing,47.51,261
6824,books-6824,books,48.88,268
6825,home-6825,home,50.25,275
6826,toys-6826,toys,51.62,282
6827,food-6827,food,52.99,289
6828,electronics-6828,electronics,54.36,296
6829,clothing-6829,clothing,55.73,303
6830,books-6830,books,57.10,310
6831,home-6831,home,58.47,317
6832,toys-6832,toys,59.84,324
6833,food-6833,food,61.21,331
6834,electronics-6834,electronics,62.58,338
6835,clothing-6835,clothing,63.95,345
6836,books-6836,books,65.32,352
6837,home-6837,home,66.69,359
6838,toys-6838,toys,68.06,366
6839,food-6839,food,69.43,373
6840,electronics-6840,electronics,70.80,380
6841,clothing-6841,clothing,72.17,387
6842,books-6842,books,73.54,394
6843,home-6843,home,74.91,401
6844,toys-6844,toys,76.28,408
6845,food-6845,food,77.65,415
6846,electronics-6846,electronics,79.02,422
6847,clothing-6847,clothing,80.39,429
6848,books-6848,books,81.76,436
6849,home-6849,home,83.13,443
6850,toys-6850,toys,84.50,450
6851,food-6851,food,85.87,457
6852,electronics-6852,electronics,87.24,464
6853,clothing-6853,clothing,88.61,471
6854,books-6854,books,89.98,478
6855,home-6855,home,91.35,485
6856,toys-6856,toys,92.72,492
6857,food-6857,food,94.09,499
6858,electronics-6858,electronics,95.46,6
6859,clothing-6859,clothing,96.83,13
6860,books-6860,books,98.20,20
6861,home-6861,home,99.57,27
6862,toys-6862,toys,0.94,34
6863,food-6863,food,2.31,41
6864,electronics-6864,electronics,3.68,48
6865,clothing-6865,clothing,5.05,55
6866,books-6866,books,6.42,62
6867,home-6867,home,7.79,69
6868,toys-6868,toys,9.16,76
6869,food-6869,food,10.53,83
6870,electronics-6870,electronics,11.90,90
6871,clothing-6871,clothing,13.27,97
6872,books-6872,books,14.64,104
6873,home-6873,home,16.01,111
6874,toys-6874,toys,17.38,118
6875,food-6875,food,18.75,125
6876,electronics-6876,electronics,20.12,132
6877,clothing-6877,clothing,21.49,139
6878,books-6878,books,22.86,146
6879,home-6879,home,24.23,153
6880,toys-6880,toys,25.60,160
6881,food-6881,food,26.97,167
6882,electronics-6882,electronics,28.34,174
6883,clothing-6883,clothing,29.71,181
6884,books-6884,books,31.08,188
6885,home-6885,home,32.45,195
6886,toys-6886,toys,33.82,202
6887,food-6887,food,35.19,209
6888,electronics-6888,electronics,36.56,216
6889,clothing-6889,clothing,37.93,223
6890,books-6890,books,39.30,230
6891,home-6891,home,40.67,237
6892,toys-6892,toys,42.04,244
6893,food-6893,food,43.41,251
6894,electronics-6894,electronics,44.78,258
6895,clothing-6895,clothing,46.15,265
6896,books-6896,books,47.52,272
6897,home-6897,home,48.89,279
6898,toys-6898,toys,50.26,286
6899,food-6899,food,51.63,293
6900,electronics-6900,electronics,53.00,300
6901,clothing-6901,clothing,54.37,307
6902,books-6902,books,55.74,314
6903,home-6903,home,57.11,321
6904,toys-6904,toys,58.48,328
6905,food-6905,food,59.85,335
6906,electronics-6906,electronics,61.22,342
6907,clothing-6907,clothing,62.59,349
6908,books-6908,books,63.96,356
6909,home-6909,home,65.33,363
6910,toys-6910,toys,66.70,370
6911,food-6911,food,68.07,377
6912,electronics-6912,electronics,69.44,384
6913,clothing-6913,clothing,70.81,391
6914,books-6914,books,72.18,398
6915,home-6915,home,73.55,405
6916,toys-6916,toys,74.92,412
6917,food-6917,food,76.29,419
6918,electronics-6918,electronics,77.66,426
6919,clothing-6919,clothing,79.03,433
6920,books-6920,books,80.40,440
6921,home-6921,home,81.77,447
6922,toys-6922,toys,83.14,454
6923,food-6923,food,84.51,461
6924,electronics-6924,electronics,85.88,468
6925,clothing-6925,clothing,87.25,475
6926,books-6926,books,88.62,482
6927,home-6927,home,89.99,489
6928,toys-6928,toys,91.36,496
6929,food-6929,food,92.73,3
6930,electronics-6930,electronics,94.10,10
6931,clothing-6931,clothing,95.47,17
6932,books-6932,books,96.84,24
6933,home-6933,home,98.21,31
6934,toys-6934,toys,99.58,38
6935,food-6935,food,0.95,45
6936,electronics-6936,electronics,2.32,52
6937,clothing-6937,clothing,3.69,59
6938,books-6938,books,5.06,66
6939,home-6939,home,6.43,73
6940,toys-6940,toys,7.80,80
6941,food-6941,food,9.17,87
6942,electronics-6942,electronics,10.54,94
6943,clothing-6943,clothing,11.91,101
6944,books-6944,books,13.28,108
6945,home-6945,home,14.65,115
6946,toys-6946,toys,16.02,122
6947,food-6947,food,17.39,129
6948,electronics-6948,electronics,18.76,136
6949,clothing-6949,clothing,20.13,143
6950,books-6950,books,21.50,150
6951,home-6951,home,22.87,157
6952,toys-6952,toys,24.24,164
6953,food-6953,food,25.61,171
6954,electronics-6954,electronics,26.98,178
6955,clothing-6955,clothing,28.35,185
6956,books-6956,books,29.72,192
6957,home-6957,home,31.09,199
6958,toys-6958,toys,32.46,206
6959,food-6959,food,33.83,213
6960,electronics-6960,electronics,35.20,220
6961,clothing-6961,clothing,36.57,227
6962,books-6962,books,37.94,234
6963,home-6963,home,39.31,241
6964,toys-6964,toys,40.68,248
6965,food-6965,food,42.05,255
6966,electronics-6966,electronics,43.42,262
6967,clothing-6967,clothing,44.79,269
6968,books-6968,books,46.16,276
6969,home-6969,home,47.53,283
6970,toys-6970,toys,48.90,290
6971,food-6971,food,50.27,297
6972,electronics-6972,electronics,51.64,304
6973,clothing-6973,clothing,53.01,311
6974,books-6974,books,54.38,318
6975,home-6975,home,55.75,325
6976,toys-6976,toys,57.12,332
6977,food-6977,food,58.49,339
6978,electronics-6978,electronics,59.86,346
6979,clothing-6979,clothing,61.23,353
6980,books-6980,books,62.60,360
6981,home-6981,home,63.97,367
6982,toys-6982,toys,65.34,374
6983,food-6983,food,66.71,381
6984,electronics-6984,electronics,68.08,388
6985,clothing-6985,clothing,69.45,395
6986,books-6986,books,70.82,402
6987,home-6987,home,72.19,409
6988,toys-6988,toys,73.56,416
6989,food-6989,food,74.93,423
6990,electronics-6990,electronics,76.30,430
6991,clothing-6991,clothing,77.67,437
6992,books-6992,books,79.04,444
6993,home-6993,home,80.41,451
6994,toys-6994,toys,81.78,458
6995,food-6995,food,83.15,465
6996,electronics-6996,electronics,84.52,472
6997,clothing-6997,clothing,85.89,479
6998,books-6998,books,87.26,486
6999,home-6999,home,88.63,493
7000,toys-7000,toys,90.00,0
7001,food-7001,food,91.37,7
7002,electronics-7002,electronics,92.74,14
7003,clothing-7003,clothing,94.11,21
7004,books-7004,books,95.48,28
7005,home-7005,home,96.85,35
7006,toys-7006,toys,98.22,42
7007,food-7007,food,99.59,49
7008,electronics-7008,electronics,0.96,56
7009,clothing-7009,clothing,2.33,63
7010,books-7010,books,3.70,70
7011,home-7011,home,5.07,77
7012,toys-7012,toys,6.44,84
7013,food-7013,food,7.81,91
7014,electronics-7014,electronics,9.18,98
7015,clothing-7015,clothing,10.55,105
7016,books-7016,books,11.92,112
7017,home-7017,home,13.29,119
7018,toys-7018,toys,14.66,126
7019,food-7019,food,16.03,133
7020,electronics-7020,electronics,17.40,140
7021,clothing-7021,clothing,18.77,147
7022,books-7022,books,20.14,154
7023,home-7023,home,21.51,161
7024,toys-7024,toys,22.88,168
7025,food-7025,food,24.25,175
7026,electronics-7026,electronics,25.62,182
7027,clothing-7027,clothing,26.99,189
7028,books-7028,books,28.36,196
7029,home-7029,home,29.73,203
7030,toys-7030,toys,31.10,210
7031,food-7031,food,32.47,217
7032,electronics-7032,electronics,33.84,224
7033,clothing-7033,clothing,35.21,231
7034,books-7034,books,36.58,238
7035,home-7035,home,37.95,245
7036,toys-7036,toys,39.32,252
7037,food-7037,food,40.69,259
7038,electronics-7038,electronics,42.06,266
7039,clothing-7039,clothing,43.43,273
7040,books-7040,books,44.80,280
7041,home-7041,home,46.17,287
7042,toys-7042,toys,47.54,294
7043,food-7043,food,48.91,301
7044,electronics-7044,electronics,50.28,308
7045,clothing-7045,clothing,51.65,315
7046,books-7046,books,53.02,322
7047,home-7047,home,54.39,329
7048,toys-7048,toys,55.76,336
7049,food-7049,food,57.13,343
7050,electronics-7050,electronics,58.50,350
7051,clothing-7051,clothing,59.87,357
7052,books-7052,books,61.24,364
7053,home-7053,home,62.61,371
7054,toys-7054,toys,63.98,378
7055,food-7055,food,65.35,385
7056,electronics-7056,electronics,66.72,392
7057,clothing-7057,clothing,68.09,399
7058,books-7058,books,69.46,406
7059,home-7059,home,70.83,413
7060,toys-7060,toys,72.20,420
7061,food-7061,food,73.57,427
7062,electronics-7062,electronics,74.94,434
7063,clothing-7063,clothing,76.31,441
7064,books-7064,books,77.68,448
7065,home-7065,home,79.05,455
7066,toys-7066,toys,80.42,462
7067,food-7067,food,81.79,469
7068,electronics-7068,electronics,83.16,476
7069,clothing-7069,clothing,84.53,483
7070,books-7070,books,85.90,490
7071,home-7071,home,87.27,497
7072,toys-7072,toys,88.64,4
7073,food-7073,food,90.01,11
7074,electronics-7074,electronics,91.38,18
7075,clothing-7075,clothing,92.75,25
7076,books-7076,books,94.12,32
7077,home-7077,home,95.49,39
7078,toys-7078,toys,96.86,46
7079,food-7079,food,98.23,53
7080,electronics-7080,electronics,99.60,60
7081,clothing-7081,clothing,0.97,67
7082,books-7082,books,2.34,74
7083,home-7083,home,3.71,81
7084,toys-7084,toys,5.08,88
7085,food-7085,food,6.45,95
7086,electronics-7086,electronics,7.82,102
7087,clothing-7087,clothing,9.19,109
7088,books-7088,books,10.56,116
7089,home-7089,home,11.93,123
7090,toys-7090,toys,13.30,130
7091,food-7091,food,14.67,137
7092,electronics-7092,electronics,16.04,144
7093,clothing-7093,clothing,17.41,151
7094,books-7094,books,18.78,158
7095,home-7095,home,20.15,165
7096,toys-7096,toys,21.52,172
7097,food-7097,food,22.89,179
7098,electronics-7098,electronics,24.26,186
7099,clothing-7099,clothing,25.63,193
7100,books-7100,books,27.00,200
7101,home-7101,home,28.37,207
7102,toys-7102,toys,29.74,214
7103,food-7103,food,31.11,221
7104,electronics-7104,electronics,32.48,228
7105,clothing-7105,clothing,33.85,235
7106,books-7106,books,35.22,242
7107,home-7107,home,36.59,249
7108,toys-7108,toys,37.96,256
7109,food-7109,food,39.33,263
7110,electronics-7110,electronics,40.70,270
7111,clothing-7111,clothing,42.07,277
7112,books-7112,books,43.44,284
7113,home-7113,home,44.81,291
7114,toys-7114,toys,46.18,298
7115,food-7115,food,47.55,305
7116,electronics-7116,electronics,48.92,312
7117,clothing-7117,clothing,50.29,319
7118,books-7118,books,51.66,326
7119,home-7119,home,53.03,333
7120,toys-7120,toys,54.40,340
7121,food-7121,food,55.77,347
7122,electronics-7122,electronics,57.14,354
7123,clothing-7123,clothing,58.51,361
7124,books-7124,books,59.88,368
7125,home-7125,home,61.25,375
7126,toys-7126,toys,62.62,382
7127,food-7127,food,63.99,389
7128,electronics-7128,electronics,65.36,396
7129,clothing-7129,clothing,66.73,403
7130,books-7130,books,68.10,410
7131,home-7131,home,69.47,417
7132,toys-7132,toys,70.84,424
7133,food-7133,food,72.21,431
7134,electronics-7134,electronics,73.58,438
7135,clothing-7135,clothing,74.95,445
7136,books-7136,books,76.32,452
7137,home-7137,home,77.69,459
7138,toys-7138,toys,79.06,466
7139,food-7139,food,80.43,473
7140,electronics-7140,electronics,81.80,480
7141,clothing-7141,clothing,83.17,487
7142,books-7142,books,84.54,494
7143,home-7143,home,85.91,1
7144,toys-7144,toys,87.28,8
7145,food-7145,food,88.65,15
7146,electronics-7146,electronics,90.02,22
7147,clothing-7147,clothing,91.39,29
7148,books-7148,books,92.76,36
7149,home-7149,home,94.13,43
7150,toys-7150,toys,95.50,50
7151,food-7151,food,96.87,57
7152,electronics-7152,electronics,98.24,64
7153,clothing-7153,clothing,99.61,71
7154,books-7154,books,0.98,78
7155,home-7155,home,2.35,85
7156,toys-7156,toys,3.72,92
7157,food-7157,food,5.09,99
7158,electronics-7158,electronics,6.46,106
7159,clothing-7159,clothing,7.83,113
7160,books-7160,books,9.20,120
7161,home-7161,home,10.57,127
7162,toys-7162,toys,11.94,134
7163,food-7163,food,13.31,141
7164,electronics-7164,electronics,14.68,148
7165,clothing-7165,clothing,16.05,155
7166,books-7166,books,17.42,162
7167,home-7167,home,18.79,169
7168,toys-7168,toys,20.16,176
7169,food-7169,food,21.53,183
7170,electronics-7170,electronics,22.90,190
7171,clothing-7171,clothing,24.27,197
7172,books-7172,books,25.64,204
7173,home-7173,home,27.01,211
7174,toys-7174,toys,28.38,218
7175,food-7175,food,29.75,225
7176,electronics-7176,electronics,31.12,232
7177,clothing-7177,clothing,32.49,239
7178,books-7178,books,33.86,246
7179,home-7179,home,35.23,253
7180,toys-7180,toys,36.60,260
7181,food-7181,food,37.97,267
7182,electronics-7182,electronics,39.34,274
7183,clothing-7183,clothing,40.71,281
7184,books-7184,books,42.08,288
7185,home-7185,home,43.45,295
7186,toys-7186,toys,44.82,302
7187,food-7187,food,46.19,309
7188,electronics-7188,electronics,47.56,316
7189,clothing-7189,clothing,48.93,323
7190,books-7190,books,50.30,330
7191,home-7191,home,51.67,337
7192,toys-7192,toys,53.04,344
7193,food-7193,food,54.41,351
7194,electronics-7194,electronics,55.78,358
7195,clothing-7195,clothing,57.15,365
7196,books-7196,books,58.52,372
7197,home-7197,home,59.89,379
7198,toys-7198,toys,61.26,386
7199,food-7199,food,62.63,393
7200,electronics-7200,electronics,64.00,400
7201,clothing-7201,clothing,65.37,407
7202,books-7202,books,66.74,414
7203,home-7203,home,68.11,421
7204,toys-7204,toys,69.48,428
7205,food-7205,food,70.85,435
7206,electronics-7206,electronics,72.22,442
7207,clothing-7207,clothing,73.59,449
7208,books-7208,books,74.96,456
7209,home-7209,home,76.33,463
7210,toys-7210,toys,77.70,470
7211,food-7211,food,79.07,477
7212,electronics-7212,electronics,80.44,484
7213,clothing-7213,clothing,81.81,491
7214,books-7214,books,83.18,498
7215,home-7215,home,84.55,5
7216,toys-7216,toys,85.92,12
7217,food-7217,food,87.29,19
7218,electronics-7218,electronics,88.66,26
7219,clothing-7219,clothing,90.03,33
7220,books-7220,books,91.40,40
7221,home-7221,home,92.77,47
7222,toys-7222,toys,94.14,54
7223,food-7223,food,95.51,61
7224,electronics-7224,electronics,96.88,68
7225,clothing-7225,clothing,98.25,75
7226,books-7226,books,99.62,82
7227,home-7227,home,0.99,89
7228,toys-7228,toys,2.36,96
7229,food-7229,food,3.73,103
7230,electronics-7230,electronics,5.10,110
7231,clothing-7231,clothing,6.47,117
7232,books-7232,books,7.84,124
7233,home-7233,home,9.21,131
7234,toys-7234,toys,10.58,138
7235,food-7235,food,11.95,145
7236,electronics-7236,electronics,13.32,152
7237,clothing-7237,clothing,14.69,159
7238,books-7238,books,16.06,166
7239,home-7239,home,17.43,173
7240,toys-7240,toys,18.80,180
7241,food-7241,food,20.17,187
7242,electronics-7242,electronics,21.54,194
7243,clothing-7243,clothing,22.91,201
7244,books-7244,books,24.28,208
7245,home-7245,home,25.65,215
7246,toys-7246,toys,27.02,222
7247,food-7247,food,28.39,229
7248,electronics-7248,electronics,29.76,236
7249,clothing-7249,clothing,31.13,243
7250,books-7250,books,32.50,250
7251,home-7251,home,33.87,257
7252,toys-7252,toys,35.24,264
7253,food-7253,food,36.61,271
7254,electronics-7254,electronics,37.98,278
7255,clothing-7255,clothing,39.35,285
7256,books-7256,books,40.72,292
7257,home-7257,home,42.09,299
7258,toys-7258,toys,43.46,306
7259,food-7259,food,44.83,313
7260,electronics-7260,electronics,46.20,320
7261,clothing-7261,clothing,47.57,327
7262,books-7262,books,48.94,334
7263,home-7263,home,50.31,341
7264,toys-7264,toys,51.68,348
7265,food-7265,food,53.05,355
7266,electronics-7266,electronics,54.42,362
7267,clothing-7267,clothing,55.79,369
7268,books-7268,books,57.16,376
7269,home-7269,home,58.53,383
7270,toys-7270,toys,59.90,390
7271,food-7271,food,61.27,397
7272,electronics-7272,electronics,62.64,404
7273,clothing-7273,clothing,64.01,411
7274,books-7274,books,65.38,418
7275,home-7275,home,66.75,425
7276,toys-7276,toys,68.12,432
7277,food-7277,food,69.49,439
7278,electronics-7278,electronics,70.86,446
7279,clothing-7279,clothing,72.23,453
7280,books-7280,books,73.60,460
7281,home-7281,home,74.97,467
7282,toys-7282,toys,76.34,474
7283,food-7283,food,77.71,481
7284,electronics-7284,electronics,79.08,488
7285,clothing-7285,clothing,80.45,495
7286,books-7286,books,81.82,2
7287,home-7287,home,83.19,9
7288,toys-7288,toys,84.56,16
7289,food-7289,food,85.93,23
7290,electronics-7290,electronics,87.30,30
7291,clothing-7291,clothing,88.67,37
7292,books-7292,books,90.04,44
7293,home-7293,home,91.41,51
7294,toys-7294,toys,92.78,58
7295,food-7295,food,94.15,65
7296,electronics-7296,electronics,95.52,72
7297,clothing-7297,clothing,96.89,79
7298,books-7298,books,98.26,86
7299,home-7299,home,99.63,93
7300,toys-7300,toys,1.00,100
7301,food-7301,food,2.37,107
7302,electronics-7302,electronics,3.74,114
7303,clothing-7303,clothing,5.11,121
7304,books-7304,books,6.48,128
7305,home-7305,home,7.85,135
7306,toys-7306,toys,9.22,142
7307,food-7307,food,10.59,149
7308,electronics-7308,electronics,11.96,156
7309,clothing-7309,clothing,13.33,163
7310,books-7310,books,14.70,170
7311,home-7311,home,16.07,177
7312,toys-7312,toys,17.44,184
7313,food-7313,food,18.81,191
7314,electronics-7314,electronics,20.18,198
7315,clothing-7315,clothing,21.55,205
7316,books-7316,books,22.92,212
7317,home-7317,home,24.29,219
7318,toys-7318,toys,25.66,226
7319,food-7319,food,27.03,233
7320,electronics-7320,electronics,28.40,240
7321,clothing-7321,clothing,29.77,247
7322,books-7322,books,31.14,254
7323,home-7323,home,32.51,261
7324,toys-7324,toys,33.88,268
7325,food-7325,food,35.25,275
7326,electronics-7326,electronics,36.62,282
7327,clothing-7327,clothing,37.99,289
7328,books-7328,books,39.36,296
7329,home-7329,home,40.73,303
7330,toys-7330,toys,42.10,310
7331,food-7331,food,43.47,317
7332,electronics-7332,electronics,44.84,324
7333,clothing-7333,clothing,46.21,331
7334,books-7334,books,47.58,338
7335,home-7335,home,48.95,345
7336,toys-7336,toys,50.32,352
7337,food-7337,food,51.69,359
7338,electronics-7338,electronics,53.06,366
7339,clothing-7339,clothing,54.43,373
7340,books-7340,books,55.80,380
7341,home-7341,home,57.17,387
7342,toys-7342,toys,58.54,394
7343,food-7343,food,59.91,401
7344,electronics-7344,electronics,61.28,408
7345,clothing-7345,clothing,62.65,415
7346,books-7346,books,64.02,422
7347,home-7347,home,65.39,429
7348,toys-7348,toys,66.76,436
7349,food-7349,food,68.13,443
7350,electronics-7350,electronics,69.50,450
7351,clothing-7351,clothing,70.87,457
7352,books-7352,books,72.24,464
7353,home-7353,home,73.61,471
7354,toys-7354,toys,74.98,478
7355,food-7355,food,76.35,485
7356,electronics-7356,electronics,77.72,492
7357,clothing-7357,clothing,79.09,499
7358,books-7358,books,80.46,6
7359,home-7359,home,81.83,13
7360,toys-7360,toys,83.20,20
7361,food-7361,food,84.57,27
7362,electronics-7362,electronics,85.94,34
7363,clothing-7363,clothing,87.31,41
7364,books-7364,books,88.68,48
7365,home-7365,home,90.05,55
7366,toys-7366,toys,91.42,62
7367,food-7367,food,92.79,69
7368,electronics-7368,electronics,94.16,76
7369,clothing-7369,clothing,95.53,83
7370,books-7370,books,96.90,90
7371,home-7371,home,98.27,97
7372,toys-7372,toys,99.64,104
7373,food-7373,food,1.01,111
7374,electronics-7374,electronics,2.38,118
7375,clothing-7375,clothing,3.75,125
7376,books-7376,books,5.12,132
7377,home-7377,home,6.49,139
7378,toys-7378,toys,7.86,146
7379,food-7379,food,9.23,153
7380,electronics-7380,electronics,10.60,160
7381,clothing-7381,clothing,11.97,167
7382,books-7382,books,13.34,174
7383,home-7383,home,14.71,181
7384,toys-7384,toys,16.08,188
7385,food-7385,food,17.45,195
7386,electronics-7386,electronics,18.82,202
7387,clothing-7387,clothing,20.19,209
7388,books-7388,books,21.56,216
7389,home-7389,home,22.93,223
7390,toys-7390,toys,24.30,230
7391,food-7391,food,25.67,237
7392,electronics-7392,electronics,27.04,244
7393,clothing-7393,clothing,28.41,251
7394,books-7394,books,29.78,258
7395,home-7395,home,31.15,265
7396,toys-7396,toys,32.52,272
7397,food-7397,food,33.89,279
7398,electronics-7398,electronics,35.26,286
7399,clothing-7399,clothing,36.63,293
7400,books-7400,books,38.00,300
7401,home-7401,home,39.37,307
7402,toys-7402,toys,40.74,314
7403,food-7403,food,42.11,321
7404,electronics-7404,electronics,43.48,328
7405,clothing-7405,clothing,44.85,335
7406,books-7406,books,46.22,342
7407,home-7407,home,47.59,349
7408,toys-7408,toys,48.96,356
7409,food-7409,food,50.33,363
7410,electronics-7410,electronics,51.70,370
7411,clothing-7411,clothing,53.07,377
7412,books-7412,books,54.44,384
7413,home-7413,home,55.81,391
7414,toys-7414,toys,57.18,398
7415,food-7415,food,58.55,405
7416,electronics-7416,electronics,59.92,412
7417,clothing-7417,clothing,61.29,419
7418,books-7418,books,62.66,426
7419,home-7419,home,64.03,433
7420,toys-7420,toys,65.40,440
7421,food-7421,food,66.77,447
7422,electronics-7422,electronics,68.14,454
7423,clothing-7423,clothing,69.51,461
7424,books-7424,books,70.88,468
7425,home-7425,home,72.25,475
7426,toys-7426,toys,73.62,482
7427,food-7427,food,74.99,489
7428,electronics-7428,electronics,76.36,496
7429,clothing-7429,clothing,77.73,3
7430,books-7430,books,79.10,10
7431,home-7431,home,80.47,17
7432,toys-7432,toys,81.84,24
7433,food-7433,food,83.21,31
7434,electronics-7434,electronics,84.58,38
7435,clothing-7435,clothing,85.95,45
7436,books-7436,books,87.32,52
7437,home-7437,home,88.69,59
7438,toys-7438,toys,90.06,66
7439,food-7439,food,91.43,73
7440,electronics-7440,electronics,92.80,80
7441,clothing-7441,clothing,94.17,87
7442,books-7442,books,95.54,94
7443,home-7443,home,96.91,101
7444,toys-7444,toys,98.28,108
7445,food-7445,food,99.65,115
7446,electronics-7446,electronics,1.02,122
7447,clothing-7447,clothing,2.39,129
7448,books-7448,books,3.76,136
7449,home-7449,home,5.13,143
7450,toys-7450,toys,6.50,150
7451,food-7451,food,7.87,157
7452,electronics-7452,electronics,9.24,164
7453,clothing-7453,clothing,10.61,171
7454,books-7454,books,11.98,178
7455,home-7455,home,13.35,185
7456,toys-7456,toys,14.72,192
7457,food-7457,food,16.09,199
7458,electronics-7458,electronics,17.46,206
7459,clothing-7459,clothing,18.83,213
7460,books-7460,books,20.20,220
7461,home-7461,home,21.57,227
7462,toys-7462,toys,22.94,234
7463,food-7463,food,24.31,241
7464,electronics-7464,electronics,25.68,248
7465,clothing-7465,clothing,27.05,255
7466,books-7466,books,28.42,262
7467,home-7467,home,29.79,269
7468,toys-7468,toys,31.16,276
7469,food-7469,food,32.53,283
7470,electronics-7470,electronics,33.90,290
7471,clothing-7471,clothing,35.27,297
7472,books-7472,books,36.64,304
7473,home-7473,home,38.01,311
7474,toys-7474,toys,39.38,318
7475,food-7475,food,40.75,325
7476,electronics-7476,electronics,42.12,332
7477,clothing-7477,clothing,43.49,339
7478,books-7478,books,44.86,346
7479,home-7479,home,46.23,353
7480,toys-7480,toys,47.60,360
7481,food-7481,food,48.97,367
7482,electronics-7482,electronics,50.34,374
7483,clothing-7483,clothing,51.71,381
7484,books-7484,books,53.08,388
7485,home-7485,home,54.45,395
7486,toys-7486,toys,55.82,402
7487,food-7487,food,57.19,409
7488,electronics-7488,electronics,58.56,416
7489,clothing-7489,clothing,59.93,423
7490,books-7490,books,61.30,430
7491,home-7491,home,62.67,437
7492,toys-7492,toys,64.04,444
7493,food-7493,food,65.41,451
7494,electronics-7494,electronics,66.78,458
7495,clothing-7495,clothing,68.15,465
7496,books-7496,books,69.52,472
7497,home-7497,home,70.89,479
7498,toys-7498,toys,72.26,486
7499,food-7499,food,73.63,493
7500,electronics-7500,electronics,75.00,0
7501,clothing-7501,clothing,76.37,7
7502,books-7502,books,77.74,14
7503,home-7503,home,79.11,21
7504,toys-7504,toys,80.48,28
7505,food-7505,food,81.85,35
7506,electronics-7506,electronics,83.22,42
7507,clothing-7507,clothing,84.59,49
7508,books-7508,books,85.96,56
7509,home-7509,home,87.33,63
7510,toys-7510,toys,88.70,70
7511,food-7511,food,90.07,77
7512,electronics-7512,electronics,91.44,84
7513,clothing-7513,clothing,92.81,91
7514,books-7514,books,94.18,98
7515,home-7515,home,95.55,105
7516,toys-7516,toys,96.92,112
7517,food-7517,food,98.29,119
7518,electronics-7518,electronics,99.66,126
7519,clothing-7519,clothing,1.03,133
7520,books-7520,books,2.40,140
7521,home-7521,home,3.77,147
7522,toys-7522,toys,5.14,154
7523,food-7523,food,6.51,161
7524,electronics-7524,electronics,7.88,168
7525,clothing-7525,clothing,9.25,175
7526,books-7526,books,10.62,182
7527,home-7527,home,11.99,189
7528,toys-7528,toys,13.36,196
7529,food-7529,food,14.73,203
7530,electronics-7530,electronics,16.10,210
7531,clothing-7531,clothing,17.47,217
7532,books-7532,books,18.84,224
7533,home-7533,home,20.21,231
7534,toys-7534,toys,21.58,238
7535,food-7535,food,22.95,245
7536,electronics-7536,electronics,24.32,252
7537,clothing-7537,clothing,25.69,259
7538,books-7538,books,27.06,266
7539,home-7539,home,28.43,273
7540,toys-7540,toys,29.80,280
7541,food-7541,food,31.17,287
7542,electronics-7542,electronics,32.54,294
7543,clothing-7543,clothing,33.91,301
7544,books-7544,books,35.28,308
7545,home-7545,home,36.65,315
7546,toys-7546,toys,38.02,322
7547,food-7547,food,39.39,329
7548,electronics-7548,electronics,40.76,336
7549,clothing-7549,clothing,42.13,343
7550,books-7550,books,43.50,350
7551,home-7551,home,44.87,357
7552,toys-7552,toys,46.24,364
7553,food-7553,food,47.61,371
7554,electronics-7554,electronics,48.98,378
7555,clothing-7555,clothing,50.35,385
7556,books-7556,books,51.72,392
7557,home-7557,home,53.09,399
7558,toys-7558,toys,54.46,406
7559,food-7559,food,55.83,413
7560,electronics-7560,electronics,57.20,420
7561,clothing-7561,clothing,58.57,427
7562,books-7562,books,59.94,434
7563,home-7563,home,61.31,441
7564,toys-7564,toys,62.68,448
7565,food-7565,food,64.05,455
7566,electronics-7566,electronics,65.42,462
7567,clothing-7567,clothing,66.79,469
7568,books-7568,books,68.16,476
7569,home-7569,home,69.53,483
7570,toys-7570,toys,70.90,490
7571,food-7571,food,72.27,497
7572,electronics-7572,electronics,73.64,4
7573,clothing-7573,clothing,75.01,11
7574,books-7574,books,76.38,18
7575,home-7575,home,77.75,25
7576,toys-7576,toys,79.12,32
7577,food-7577,food,80.49,39
7578,electronics-7578,electronics,81.86,46
7579,clothing-7579,clothing,83.23,53
7580,books-7580,books,84.60,60
7581,home-7581,home,85.97,67
7582,toys-7582,toys,87.34,74
7583,food-7583,food,88.71,81
7584,electronics-7584,electronics,90.08,88
7585,clothing-7585,clothing,91.45,95
7586,books-7586,books,92.82,102
7587,home-7587,home,94.19,109
7588,toys-7588,toys,95.56,116
7589,food-7589,food,96.93,123
7590,electronics-7590,electronics,98.30,130
7591,clothing-7591,clothing,99.67,137
7592,books-7592,books,1.04,144
7593,home-7593,home,2.41,151
7594,toys-7594,toys,3.78,158
7595,food-7595,food,5.15,165
7596,electronics-7596,electronics,6.52,172
7597,clothing-7597,clothing,7.89,179
7598,books-7598,books,9.26,186
7599,home-7599,home,10.63,193
7600,toys-7600,toys,12.00,200
7601,food-7601,food,13.37,207
7602,electronics-7602,electronics,14.74,214
7603,clothing-7603,clothing,16.11,221
7604,books-7604,books,17.48,228
7605,home-7605,home,18.85,235
7606,toys-7606,toys,20.22,242
7607,food-7607,food,21.59,249
7608,electronics-7608,electronics,22.96,256
7609,clothing-7609,clothing,24.33,263
7610,books-7610,books,25.70,270
7611,home-7611,home,27.07,277
7612,toys-7612,toys,28.44,284
7613,food-7613,food,29.81,291
7614,electronics-7614,electronics,31.18,298
7615,clothing-7615,clothing,32.55,305
7616,books-7616,books,33.92,312
7617,home-7617,home,35.29,319
7618,toys-7618,toys,36.66,326
7619,food-7619,food,38.03,333
7620,electronics-7620,electronics,39.40,340
7621,clothing-7621,clothing,40.77,347
7622,books-7622,books,42.14,354
7623,home-7623,home,43.51,361
7624,toys-7624,toys,44.88,368
7625,food-7625,food,46.25,375
7626,electronics-7626,electronics,47.62,382
7627,clothing-7627,clothing,48.99,389
7628,books-7628,books,50.36,396
7629,home-7629,home,51.73,403
7630,toys-7630,toys,53.10,410
7631,food-7631,food,54.47,417
7632,electronics-7632,electronics,55.84,424
7633,clothing-7633,clothing,57.21,431
7634,books-7634,books,58.58,438
7635,home-7635,home,59.95,445
7636,toys-7636,toys,61.32,452
7637,food-7637,food,62.69,459
7638,electronics-7638,electronics,64.06,466
7639,clothing-7639,clothing,65.43,473
7640,books-7640,books,66.80,480
7641,home-7641,home,68.17,487
7642,toys-7642,toys,69.54,494
7643,food-7643,food,70.91,1
7644,electronics-7644,electronics,72.28,8
7645,clothing-7645,clothing,73.65,15
7646,books-7646,books,75.02,22
7647,home-7647,home,76.39,29
7648,toys-7648,toys,77.76,36
7649,food-7649,food,79.13,43
7650,electronics-7650,electronics,80.50,50
7651,clothing-7651,clothing,81.87,57
7652,books-7652,books,83.24,64
7653,home-7653,home,84.61,71
7654,toys-7654,toys,85.98,78
7655,food-7655,food,87.35,85
7656,electronics-7656,electronics,88.72,92
7657,clothing-7657,clothing,90.09,99
7658,books-7658,books,91.46,106
7659,home-7659,home,92.83,113
7660,toys-7660,toys,94.20,120
7661,food-7661,food,95.57,127
7662,electronics-7662,electronics,96.94,134
7663,clothing-7663,clothing,98.31,141
7664,books-7664,books,99.68,148
7665,home-7665,home,1.05,155
7666,toys-7666,toys,2.42,162
7667,food-7667,food,3.79,169
7668,electronics-7668,electronics,5.16,176
7669,clothing-7669,clothing,6.53,183
7670,books-7670,books,7.90,190
7671,home-7671,home,9.27,197
7672,toys-7672,toys,10.64,204
7673,food-7673,food,12.01,211
7674,electronics-7674,electronics,13.38,218
7675,clothing-7675,clothing,14.75,225
7676,books-7676,books,16.12,232
7677,home-7677,home,17.49,239
7678,toys-7678,toys,18.86,246
7679,food-7679,food,20.23,253
7680,electronics-7680,electronics,21.60,260
7681,clothing-7681,clothing,22.97,267
7682,books-7682,books,24.34,274
7683,home-7683,home,25.71,281
7684,toys-7684,toys,27.08,288
7685,food-7685,food,28.45,295
7686,electronics-7686,electronics,29.82,302
7687,clothing-7687,clothing,31.19,309
7688,books-7688,books,32.56,316
7689,home-7689,home,33.93,323
7690,toys-7690,toys,35.30,330
7691,food-7691,food,36.67,337
7692,electronics-7692,electronics,38.04,344
7693,clothing-7693,clothing,39.41,351
7694,books-7694,books,40.78,358
7695,home-7695,home,42.15,365
7696,toys-7696,toys,43.52,372
7697,food-7697,food,44.89,379
7698,electronics-7698,electronics,46.26,386
7699,clothing-7699,clothing,47.63,393
7700,books-7700,books,49.00,400
7701,home-7701,home,50.37,407
7702,toys-7702,toys,51.74,414
7703,food-7703,food,53.11,421
7704,electronics-7704,electronics,54.48,428
7705,clothing-7705,clothing,55.85,435
7706,books-7706,books,57.22,442
7707,home-7707,home,58.59,449
7708,toys-7708,toys,59.96,456
7709,food-7709,food,61.33,463
7710,electronics-7710,electronics,62.70,470
7711,clothing-7711,clothing,64.07,477
7712,books-7712,books,65.44,484
7713,home-7713,home,66.81,491
7714,toys-7714,toys,68.18,498
7715,food-7715,food,69.55,5
7716,electronics-7716,electronics,70.92,12
7717,clothing-7717,clothing,72.29,19
7718,books-7718,books,73.66,26
7719,home-7719,home,75.03,33
7720,toys-7720,toys,76.40,40
7721,food-7721,food,77.77,47
7722,electronics-7722,electronics,79.14,54
7723,clothing-7723,clothing,80.51,61
7724,books-7724,books,81.88,68
7725,home-7725,home,83.25,75
7726,toys-7726,toys,84.62,82
7727,food-7727,food,85.99,89
7728,electronics-7728,electronics,87.36,96
7729,clothing-7729,clothing,88.73,103
7730,books-7730,books,90.10,110
7731,home-7731,home,91.47,117
7732,toys-7732,toys,92.84,124
7733,food-7733,food,94.21,131
7734,electronics-7734,electronics,95.58,138
7735,clothing-7735,clothing,96.95,145
7736,books-7736,books,98.32,152
7737,home-7737,home,99.69,159
7738,toys-7738,toys,1.06,166
7739,food-7739,food,2.43,173
7740,electronics-7740,electronics,3.80,180
7741,clothing-7741,clothing,5.17,187
7742,books-7742,books,6.54,194
7743,home-7743,home,7.91,201
7744,toys-7744,toys,9.28,208
7745,food-7745,food,10.65,215
7746,electronics-7746,electronics,12.02,222
7747,clothing-7747,clothing,13.39,229
7748,books-7748,books,14.76,236
7749,home-7749,home,16.13,243
7750,toys-7750,toys,17.50,250
7751,food-7751,food,18.87,257
7752,electronics-7752,electronics,20.24,264
7753,clothing-7753,clothing,21.61,271
7754,books-7754,books,22.98,278
7755,home-7755,home,24.35,285
7756,toys-7756,toys,25.72,292
7757,food-7757,food,27.09,299
7758,electronics-7758,electronics,28.46,306
7759,clothing-7759,clothing,29.83,313
7760,books-7760,books,31.20,320
7761,home-7761,home,32.57,327
7762,toys-7762,toys,33.94,334
7763,food-7763,food,35.31,341
7764,electronics-7764,electronics,36.68,348
7765,clothing-7765,clothing,38.05,355
7766,books-7766,books,39.42,362
7767,home-7767,home,40.79,369
7768,toys-7768,toys,42.16,376
7769,food-7769,food,43.53,383
7770,electronics-7770,electronics,44.90,390
7771,clothing-7771,clothing,46.27,397
7772,books-7772,books,47.64,404
7773,home-7773,home,49.01,411
7774,toys-7774,toys,50.38,418
7775,food-7775,food,51.75,425
7776,electronics-7776,electronics,53.12,432
7777,clothing-7777,clothing,54.49,439
7778,books-7778,books,55.86,446
7779,home-7779,home,57.23,453
7780,toys-7780,toys,58.60,460
7781,food-7781,food,59.97,467
7782,electronics-7782,electronics,61.34,474
7783,clothing-7783,clothing,62.71,481
7784,books-7784,books,64.08,488
7785,home-7785,home,65.45,495
7786,toys-7786,toys,66.82,2
7787,food-7787,food,68.19,9
7788,electronics-7788,electronics,69.56,16
7789,clothing-7789,clothing,70.93,23
7790,books-7790,books,72.30,30
7791,home-7791,home,73.67,37
7792,toys-7792,toys,75.04,44
7793,food-7793,food,76.41,51
7794,electronics-7794,electronics,77.78,58
7795,clothing-7795,clothing,79.15,65
7796,books-7796,books,80.52,72
7797,home-7797,home,81.89,79
7798,toys-7798,toys,83.26,86
7799,food-7799,food,84.63,93
7800,electronics-7800,electronics,86.00,100
7801,clothing-7801,clothing,87.37,107
7802,books-7802,books,88.74,114
7803,home-7803,home,90.11,121
7804,toys-7804,toys,91.48,128
7805,food-7805,food,92.85,135
7806,electronics-7806,electronics,94.22,142
7807,clothing-7807,clothing,95.59,149
7808,books-7808,books,96.96,156
7809,home-7809,home,98.33,163
7810,toys-7810,toys,99.70,170
7811,food-7811,food,1.07,177
7812,electronics-7812,electronics,2.44,184
7813,clothing-7813,clothing,3.81,191
7814,books-7814,books,5.18,198
7815,home-7815,home,6.55,205
7816,toys-7816,toys,7.92,212
7817,food-7817,food,9.29,219
7818,electronics-7818,electronics,10.66,226
7819,clothing-7819,clothing,12.03,233
7820,books-7820,books,13.40,240
7821,home-7821,home,14.77,247
7822,toys-7822,toys,16.14,254
7823,food-7823,food,17.51,261
7824,electronics-7824,electronics,18.88,268
7825,clothing-7825,clothing,20.25,275
7826,books-7826,books,21.62,282
7827,home-7827,home,22.99,289
7828,toys-7828,toys,24.36,296
7829,food-7829,food,25.73,303
7830,electronics-7830,electronics,27.10,310
7831,clothing-7831,clothing,28.47,317
7832,books-7832,books,29.84,324
7833,home-7833,home,31.21,331
7834,toys-7834,toys,32.58,338
7835,food-7835,food,33.95,345
7836,electronics-7836,electronics,35.32,352
7837,clothing-7837,clothing,36.69,359
7838,books-7838,books,38.06,366
7839,home-7839,home,39.43,373
7840,toys-7840,toys,40.80,380
7841,food-7841,food,42.17,387
7842,electronics-7842,electronics,43.54,394
7843,clothing-7843,clothing,44.91,401
7844,books-7844,books,46.28,408
7845,home-7845,home,47.65,415
7846,toys-7846,toys,49.02,422
7847,food-7847,food,50.39,429
7848,electronics-7848,electronics,51.76,436
7849,clothing-7849,clothing,53.13,443
7850,books-7850,books,54.50,450
7851,home-7851,home,55.87,457
7852,toys-7852,toys,57.24,464
7853,food-7853,food,58.61,471
7854,electronics-7854,electronics,59.98,478
7855,clothing-7855,clothing,61.35,485
7856,books-7856,books,62.72,492
7857,home-7857,home,64.09,499
7858,toys-7858,toys,65.46,6
7859,food-7859,food,66.83,13
7860,electronics-7860,electronics,68.20,20
7861,clothing-7861,clothing,69.57,27
7862,books-7862,books,70.94,34
7863,home-7863,home,72.31,41
7864,toys-7864,toys,73.68,48
7865,food-7865,food,75.05,55
7866,electronics-7866,electronics,76.42,62
7867,clothing-7867,clothing,77.79,69
7868,books-7868,books,79.16,76
7869,home-7869,home,80.53,83
7870,toys-7870,toys,81.90,90
7871,food-7871,food,83.27,97
7872,electronics-7872,electronics,84.64,104
7873,clothing-7873,clothing,86.01,111
7874,books-7874,books,87.38,118
7875,home-7875,home,88.75,125
7876,toys-7876,toys,90.12,132
7877,food-7877,food,91.49,139
7878,electronics-7878,electronics,92.86,146
7879,clothing-7879,clothing,94.23,153
7880,books-7880,books,95.60,160
7881,home-7881,home,96.97,167
7882,toys-7882,toys,98.34,174
7883,food-7883,food,99.71,181
7884,electronics-7884,electronics,1.08,188
7885,clothing-7885,clothing,2.45,195
7886,books-7886,books,3.82,202
7887,home-7887,home,5.19,209
7888,toys-7888,toys,6.56,216
7889,food-7889,food,7.93,223
7890,electronics-7890,electronics,9.30,230
7891,clothing-7891,clothing,10.67,237
7892,books-7892,books,12.04,244
7893,home-7893,home,13.41,251
7894,toys-7894,toys,14.78,258
7895,food-7895,food,16.15,265
7896,electronics-7896,electronics,17.52,272
7897,clothing-7897,clothing,18.89,279
7898,books-7898,books,20.26,286
7899,home-7899,home,21.63,293
7900,toys-7900,toys,23.00,300
7901,food-7901,food,24.37,307
7902,electronics-7902,electronics,25.74,314
7903,clothing-7903,clothing,27.11,321
7904,books-7904,books,28.48,328
7905,home-7905,home,29.85,335
7906,toys-7906,toys,31.22,342
7907,food-7907,food,32.59,349
7908,electronics-7908,electronics,33.96,356
7909,clothing-7909,clothing,35.33,363
7910,books-7910,books,36.70,370
7911,home-7911,home,38.07,377
7912,toys-7912,toys,39.44,384
7913,food-7913,food,40.81,391
7914,electronics-7914,electronics,42.18,398
7915,clothing-7915,clothing,43.55,405
7916,books-7916,books,44.92,412
7917,home-7917,home,46.29,419
7918,toys-7918,toys,47.66,426
7919,food-7919,food,49.03,433
7920,electronics-7920,electronics,50.40,440
7921,clothing-7921,clothing,51.77,447
7922,books-7922,books,53.14,454
7923,home-7923,home,54.51,461
7924,toys-7924,toys,55.88,468
7925,food-7925,food,57.25,475
7926,electronics-7926,electronics,58.62,482
7927,clothing-7927,clothing,59.99,489
7928,books-7928,books,61.36,496
7929,home-7929,home,62.73,3
7930,toys-7930,toys,64.10,10
7931,food-7931,food,65.47,17
7932,electronics-7932,electronics,66.84,24
7933,clothing-7933,clothing,68.21,31
7934,books-7934,books,69.58,38
7935,home-7935,home,70.95,45
7936,toys-7936,toys,72.32,52
7937,food-7937,food,73.69,59
7938,electronics-7938,electronics,75.06,66
7939,clothing-7939,clothing,76.43,73
7940,books-7940,books,77.80,80
7941,home-7941,home,79.17,87
7942,toys-7942,toys,80.54,94
7943,food-7943,food,81.91,101
7944,electronics-7944,electronics,83.28,108
7945,clothing-7945,clothing,84.65,115
7946,books-7946,books,86.02,122
7947,home-7947,home,87.39,129
7948,toys-7948,toys,88.76,136
7949,food-7949,food,90.13,143
7950,electronics-7950,electronics,91.50,150
7951,clothing-7951,clothing,92.87,157
7952,books-7952,books,94.24,164
7953,home-7953,home,95.61,171
7954,toys-7954,toys,96.98,178
7955,food-7955,food,98.35,185
7956,electronics-7956,electronics,99.72,192
7957,clothing-7957,clothing,1.09,199
7958,books-7958,books,2.46,206
7959,home-7959,home,3.83,213
7960,toys-7960,toys,5.20,220
7961,food-7961,food,6.57,227
7962,electronics-7962,electronics,7.94,234
7963,clothing-7963,clothing,9.31,241
7964,books-7964,books,10.68,248
7965,home-7965,home,12.05,255
7966,toys-7966,toys,13.42,262
7967,food-7967,food,14.79,269
7968,electronics-7968,electronics,16.16,276
7969,clothing-7969,clothing,17.53,283
7970,books-7970,books,18.90,290
7971,home-7971,home,20.27,297
7972,toys-7972,toys,21.64,304
7973,food-7973,food,23.01,311
7974,electronics-7974,electronics,24.38,318
7975,clothing-7975,clothing,25.75,325
7976,books-7976,books,27.12,332
7977,home-7977,home,28.49,339
7978,toys-7978,toys,29.86,346
7979,food-7979,food,31.23,353
7980,electronics-7980,electronics,32.60,360
7981,clothing-7981,clothing,33.97,367
7982,books-7982,books,35.34,374
7983,home-7983,home,36.71,381
7984,toys-7984,toys,38.08,388
7985,food-7985,food,39.45,395
7986,electronics-7986,electronics,40.82,402
7987,clothing-7987,clothing,42.19,409
7988,books-7988,books,43.56,416
7989,home-7989,home,44.93,423
7990,toys-7990,toys,46.30,430
7991,food-7991,food,47.67,437
7992,electronics-7992,electronics,49.04,444
7993,clothing-7993,clothing,50.41,451
7994,books-7994,books,51.78,458
7995,home-7995,home,53.15,465
7996,toys-7996,toys,54.52,472
7997,food-7997,food,55.89,479
7998,electronics-7998,electronics,57.26,486
7999,clothing-7999,clothing,58.63,493
8000,books-8000,books,60.00,0
8001,home-8001,home,61.37,7
8002,toys-8002,toys,62.74,14
8003,food-8003,food,64.11,21
8004,electronics-8004,electronics,65.48,28
8005,clothing-8005,clothing,66.85,35
8006,books-8006,books,68.22,42
8007,home-8007,home,69.59,49
8008,toys-8008,toys,70.96,56
8009,food-8009,food,72.33,63
8010,electronics-8010,electronics,73.70,70
8011,clothing-8011,clothing,75.07,77
8012,books-8012,books,76.44,84
8013,home-8013,home,77.81,91
8014,toys-8014,toys,79.18,98
8015,food-8015,food,80.55,105
8016,electronics-8016,electronics,81.92,112
8017,clothing-8017,clothing,83.29,119
8018,books-8018,books,84.66,126
8019,home-8019,home,86.03,133
8020,toys-8020,toys,87.40,140
8021,food-8021,food,88.77,147
8022,electronics-8022,electronics,90.14,154
8023,clothing-8023,clothing,91.51,161
8024,books-8024,books,92.88,168
8025,home-8025,home,94.25,175
8026,toys-8026,toys,95.62,182
8027,food-8027,food,96.99,189
8028,electronics-8028,electronics,98.36,196
8029,clothing-8029,clothing,99.73,203
8030,books-8030,books,1.10,210
8031,home-8031,home,2.47,217
8032,toys-8032,toys,3.84,224
8033,food-8033,food,5.21,231
8034,electronics-8034,electronics,6.58,238
8035,clothing-8035,clothing,7.95,245
8036,books-8036,books,9.32,252
8037,home-8037,home,10.69,259
8038,toys-8038,toys,12.06,266
8039,food-8039,food,13.43,273
8040,electronics-8040,electronics,14.80,280
8041,clothing-8041,clothing,16.17,287
8042,books-8042,books,17.54,294
8043,home-8043,home,18.91,301
8044,toys-8044,toys,20.28,308
8045,food-8045,food,21.65,315
8046,electronics-8046,electronics,23.02,322
8047,clothing-8047,clothing,24.39,329
8048,books-8048,books,25.76,336
8049,home-8049,home,27.13,343
8050,toys-8050,toys,28.50,350
8051,food-8051,food,29.87,357
8052,electronics-8052,electronics,31.24,364
8053,clothing-8053,clothing,32.61,371
8054,books-8054,books,33.98,378
8055,home-8055,home,35.35,385
8056,toys-8056,toys,36.72,392
8057,food-8057,food,38.09,399
8058,electronics-8058,electronics,39.46,406
8059,clothing-8059,clothing,40.83,413
8060,books-8060,books,42.20,420
8061,home-8061,home,43.57,427
8062,toys-8062,toys,44.94,434
8063,food-8063,food,46.31,441
8064,electronics-8064,electronics,47.68,448
8065,clothing-8065,clothing,49.05,455
8066,books-8066,books,50.42,462
8067,home-8067,home,51.79,469
8068,toys-8068,toys,53.16,476
8069,food-8069,food,54.53,483
8070,electronics-8070,electronics,55.90,490
8071,clothing-8071,clothing,57.27,497
8072,books-8072,books,58.64,4
8073,home-8073,home,60.01,11
8074,toys-8074,toys,61.38,18
8075,food-8075,food,62.75,25
8076,electronics-8076,electronics,64.12,32
8077,clothing-8077,clothing,65.49,39
8078,books-8078,books,66.86,46
8079,home-8079,home,68.23,53
8080,toys-8080,toys,69.60,60
8081,food-8081,food,70.97,67
8082,electronics-8082,electronics,72.34,74
8083,clothing-8083,clothing,73.71,81
8084,books-8084,books,75.08,88
8085,home-8085,home,76.45,95
8086,toys-8086,toys,77.82,102
8087,food-8087,food,79.19,109
8088,electronics-8088,electronics,80.56,116
8089,clothing-8089,clothing,81.93,123
8090,books-8090,books,83.30,130
8091,home-8091,home,84.67,137
8092,toys-8092,toys,86.04,144
8093,food-8093,food,87.41,151
8094,electronics-8094,electronics,88.78,158
8095,clothing-8095,clothing,90.15,165
8096,books-8096,books,91.52,172
8097,home-8097,home,92.89,179
8098,toys-8098,toys,94.26,186
8099,food-8099,food,95.63,193
8100,electronics-8100,electronics,97.00,200
8101,clothing-8101,clothing,98.37,207
8102,books-8102,books,99.74,214
8103,home-8103,home,1.11,221
8104,toys-8104,toys,2.48,228
8105,food-8105,food,3.85,235
8106,electronics-8106,electronics,5.22,242
8107,clothing-8107,clothing,6.59,249
8108,books-8108,books,7.96,256
8109,home-8109,home,9.33,263
8110,toys-8110,toys,10.70,270
8111,food-8111,food,12.07,277
8112,electronics-8112,electronics,13.44,284
8113,clothing-8113,clothing,14.81,291
8114,books-8114,books,16.18,298
8115,home-8115,home,17.55,305
8116,toys-8116,toys,18.92,312
8117,food-8117,food,20.29,319
8118,electronics-8118,electronics,21.66,326
8119,clothing-8119,clothing,23.03,333
8120,books-8120,books,24.40,340
8121,home-8121,home,25.77,347
8122,toys-8122,toys,27.14,354
8123,food-8123,food,28.51,361
8124,electronics-8124,electronics,29.88,368
8125,clothing-8125,clothing,31.25,375
8126,books-8126,books,32.62,382
8127,home-8127,home,33.99,389
8128,toys-8128,toys,35.36,396
8129,food-8129,food,36.73,403
8130,electronics-8130,electronics,38.10,410
8131,clothing-8131,clothing,39.47,417
8132,books-8132,books,40.84,424
8133,home-8133,home,42.21,431
8134,toys-8134,toys,43.58,438
8135,food-8135,food,44.95,445
8136,electronics-8136,electronics,46.32,452
8137,clothing-8137,clothing,47.69,459
8138,books-8138,books,49.06,466
8139,home-8139,home,50.43,473
8140,toys-8140,toys,51.80,480
8141,food-8141,food,53.17,487
8142,electronics-8142,electronics,54.54,494
8143,clothing-8143,clothing,55.91,1
8144,books-8144,books,57.28,8
8145,home-8145,home,58.65,15
8146,toys-8146,toys,60.02,22
8147,food-8147,food,61.39,29
8148,electronics-8148,electronics,62.76,36
8149,clothing-8149,clothing,64.13,43
8150,books-8150,books,65.50,50
8151,home-8151,home,66.87,57
8152,toys-8152,toys,68.24,64
8153,food-8153,food,69.61,71
8154,electronics-8154,electronics,70.98,78
8155,clothing-8155,clothing,72.35,85
8156,books-8156,books,73.72,92
8157,home-8157,home,75.09,99
8158,toys-8158,toys,76.46,106
8159,food-8159,food,77.83,113
8160,electronics-8160,electronics,79.20,120
8161,clothing-8161,clothing,80.57,127
8162,books-8162,books,81.94,134
8163,home-8163,home,83.31,141
8164,toys-8164,toys,84.68,148
8165,food-8165,food,86.05,155
8166,electronics-8166,electronics,87.42,162
8167,clothing-8167,clothing,88.79,169
8168,books-8168,books,90.16,176
8169,home-8169,home,91.53,183
8170,toys-8170,toys,92.90,190
8171,food-8171,food,94.27,197
8172,electronics-8172,electronics,95.64,204
8173,clothing-8173,clothing,97.01,211
8174,books-8174,books,98.38,218
8175,home-8175,home,99.75,225
8176,toys-8176,toys,1.12,232
8177,food-8177,food,2.49,239
8178,electronics-8178,electronics,3.86,246
8179,clothing-8179,clothing,5.23,253
8180,books-8180,books,6.60,260
8181,home-8181,home,7.97,267
8182,toys-8182,toys,9.34,274
8183,food-8183,food,10.71,281
8184,electronics-8184,electronics,12.08,288
8185,clothing-8185,clothing,13.45,295
8186,books-8186,books,14.82,302
8187,home-8187,home,16.19,309
8188,toys-8188,toys,17.56,316
8189,food-8189,food,18.93,323
8190,electronics-8190,electronics,20.30,330
8191,clothing-8191,clothing,21.67,337
8192,books-8192,books,23.04,344
8193,home-8193,home,24.41,351
8194,toys-8194,toys,25.78,358
8195,food-8195,food,27.15,365
8196,electronics-8196,electronics,28.52,372
8197,clothing-8197,clothing,29.89,379
8198,books-8198,books,31.26,386
8199,home-8199,home,32.63,393
8200,toys-8200,toys,34.00,400
8201,food-8201,food,35.37,407
8202,electronics-8202,electronics,36.74,414
8203,clothing-8203,clothing,38.11,421
8204,books-8204,books,39.48,428
8205,home-8205,home,40.85,435
8206,toys-8206,toys,42.22,442
8207,food-8207,food,43.59,449
8208,electronics-8208,electronics,44.96,456
8209,clothing-8209,clothing,46.33,463
8210,books-8210,books,47.70,470
8211,home-8211,home,49.07,477
8212,toys-8212,toys,50.44,484
8213,food-8213,food,51.81,491
8214,electronics-8214,electronics,53.18,498
8215,clothing-8215,clothing,54.55,5
8216,books-8216,books,55.92,12
8217,home-8217,home,57.29,19
8218,toys-8218,toys,58.66,26
8219,food-8219,food,60.03,33
8220,electronics-8220,electronics,61.40,40
8221,clothing-8221,clothing,62.77,47
8222,books-8222,books,64.14,54
8223,home-8223,home,65.51,61
8224,toys-8224,toys,66.88,68
8225,food-8225,food,68.25,75
8226,electronics-8226,electronics,69.62,82
8227,clothing-8227,clothing,70.99,89
8228,books-8228,books,72.36,96
8229,home-8229,home,73.73,103
8230,toys-8230,toys,75.10,110
8231,food-8231,food,76.47,117
8232,electronics-8232,electronics,77.84,124
8233,clothing-8233,clothing,79.21,131
8234,books-8234,books,80.58,138
8235,home-8235,home,81.95,145
8236,toys-8236,toys,83.32,152
8237,food-8237,food,84.69,159
8238,electronics-8238,electronics,86.06,166
8239,clothing-8239,clothing,87.43,173
8240,books-8240,books,88.80,180
8241,home-8241,home,90.17,187
8242,toys-8242,toys,91.54,194
8243,food-8243,food,92.91,201
8244,electronics-8244,electronics,94.28,208
8245,clothing-8245,clothing,95.65,215
8246,books-8246,books,97.02,222
8247,home-8247,home,98.39,229
8248,toys-8248,toys,99.76,236
8249,food-8249,food,1.13,243
8250,electronics-8250,electronics,2.50,250
8251,clothing-8251,clothing,3.87,257
8252,books-8252,books,5.24,264
8253,home-8253,home,6.61,271
8254,toys-8254,toys,7.98,278
8255,food-8255,food,9.35,285
8256,electronics-8256,electronics,10.72,292
8257,clothing-8257,clothing,12.09,299
8258,books-8258,books,13.46,306
8259,home-8259,home,14.83,313
8260,toys-8260,toys,16.20,320
8261,food-8261,food,17.57,327
8262,electronics-8262,electronics,18.94,334
8263,clothing-8263,clothing,20.31,341
8264,books-8264,books,21.68,348
8265,home-8265,home,23.05,355
8266,toys-8266,toys,24.42,362
8267,food-8267,food,25.79,369
8268,electronics-8268,electronics,27.16,376
8269,clothing-8269,clothing,28.53,383
8270,books-8270,books,29.90,390
8271,home-8271,home,31.27,397
8272,toys-8272,toys,32.64,404
8273,food-8273,food,34.01,411
8274,electronics-8274,electronics,35.38,418
8275,clothing-8275,clothing,36.75,425
8276,books-8276,books,38.12,432
8277,home-8277,home,39.49,439
8278,toys-8278,toys,40.86,446
8279,food-8279,food,42.23,453
8280,electronics-8280,electronics,43.60,460
8281,clothing-8281,clothing,44.97,467
8282,books-8282,books,46.34,474
8283,home-8283,home,47.71,481
8284,toys-8284,toys,49.08,488
8285,food-8285,food,50.45,495
8286,electronics-8286,electronics,51.82,2
8287,clothing-8287,clothing,53.19,9
8288,books-8288,books,54.56,16
8289,home-8289,home,55.93,23
8290,toys-8290,toys,57.30,30
8291,food-8291,food,58.67,37
8292,electronics-8292,electronics,60.04,44
8293,clothing-8293,clothing,61.41,51
8294,books-8294,books,62.78,58
8295,home-8295,home,64.15,65
8296,toys-8296,toys,65.52,72
8297,food-8297,food,66.89,79
8298,electronics-8298,electronics,68.26,86
8299,clothing-8299,clothing,69.63,93
8300,books-8300,books,71.00,100
8301,home-8301,home,72.37,107
8302,toys-8302,toys,73.74,114
8303,food-8303,food,75.11,121
8304,electronics-8304,electronics,76.48,128
8305,clothing-8305,clothing,77.85,135
8306,books-8306,books,79.22,142
8307,home-8307,home,80.59,149
8308,toys-8308,toys,81.96,156
8309,food-8309,food,83.33,163
8310,electronics-8310,electronics,84.70,170
8311,clothing-8311,clothing,86.07,177
8312,books-8312,books,87.44,184
8313,home-8313,home,88.81,191
8314,toys-8314,toys,90.18,198
8315,food-8315,food,91.55,205
8316,electronics-8316,electronics,92.92,212
8317,clothing-8317,clothing,94.29,219
8318,books-8318,books,95.66,226
8319,home-8319,home,97.03,233
8320,toys-8320,toys,98.40,240
8321,food-8321,food,99.77,247
8322,electronics-8322,electronics,1.14,254
8323,clothing-8323,clothing,2.51,261
8324,books-8324,books,3.88,268
8325,home-8325,home,5.25,275
8326,toys-8326,toys,6.62,282
8327,food-8327,food,7.99,289
8328,electronics-8328,electronics,9.36,296
8329,clothing-8329,clothing,10.73,303
8330,books-8330,books,12.10,310
8331,home-8331,home,13.47,317
8332,toys-8332,toys,14.84,324
8333,food-8333,food,16.21,331
8334,electronics-8334,electronics,17.58,338
8335,clothing-8335,clothing,18.95,345
8336,books-8336,books,20.32,352
8337,home-8337,home,21.69,359
8338,toys-8338,toys,23.06,366
8339,food-8339,food,24.43,373
8340,electronics-8340,electronics,25.80,380
8341,clothing-8341,clothing,27.17,387
8342,books-8342,books,28.54,394
8343,home-8343,home,29.91,401
8344,toys-8344,toys,31.28,408
8345,food-8345,food,32.65,415
8346,electronics-8346,electronics,34.02,422
8347,clothing-8347,clothing,35.39,429
8348,books-8348,books,36.76,436
8349,home-8349,home,38.13,443
8350,toys-8350,toys,39.50,450
8351,food-8351,food,40.87,457
8352,electronics-8352,electronics,42.24,464
8353,clothing-8353,clothing,43.61,471
8354,books-8354,books,44.98,478
8355,home-8355,home,46.35,485
8356,toys-8356,toys,47.72,492
8357,food-8357,food,49.09,499
8358,electronics-8358,electronics,50.46,6
8359,clothing-8359,clothing,51.83,13
8360,books-8360,books,53.20,20
8361,home-8361,home,54.57,27
8362,toys-8362,toys,55.94,34
8363,food-8363,food,57.31,41
8364,electronics-8364,electronics,58.68,48
8365,clothing-8365,clothing,60.05,55
8366,books-8366,books,61.42,62
8367,home-8367,home,62.79,69
8368,toys-8368,toys,64.16,76
8369,food-8369,food,65.53,83
8370,electronics-8370,electronics,66.90,90
8371,clothing-8371,clothing,68.27,97
8372,books-8372,books,69.64,104
8373,home-8373,home,71.01,111
8374,toys-8374,toys,72.38,118
8375,food-8375,food,73.75,125
8376,electronics-8376,electronics,75.12,132
8377,clothing-8377,clothing,76.49,139
8378,books-8378,books,77.86,146
8379,home-8379,home,79.23,153
8380,toys-8380,toys,80.60,160
8381,food-8381,food,81.97,167
8382,electronics-8382,electronics,83.34,174
8383,clothing-8383,clothing,84.71,181
8384,books-8384,books,86.08,188
8385,home-8385,home,87.45,195
8386,toys-8386,toys,88.82,202
8387,food-8387,food,90.19,209
8388,electronics-8388,electronics,91.56,216
8389,clothing-8389,clothing,92.93,223
8390,books-8390,books,94.30,230
8391,home-8391,home,95.67,237
8392,toys-8392,toys,97.04,244
8393,food-8393,food,98.41,251
8394,electronics-8394,electronics,99.78,258
8395,clothing-8395,clothing,1.15,265
8396,books-8396,books,2.52,272
8397,home-8397,home,3.89,279
8398,toys-8398,toys,5.26,286
8399,food-8399,food,6.63,293
8400,electronics-8400,electronics,8.00,300
8401,clothing-8401,clothing,9.37,307
8402,books-8402,books,10.74,314
8403,home-8403,home,12.11,321
8404,toys-8404,toys,13.48,328
8405,food-8405,food,14.85,335
8406,electronics-8406,electronics,16.22,342
8407,clothing-8407,clothing,17.59,349
8408,books-8408,books,18.96,356
8409,home-8409,home,20.33,363
8410,toys-8410,toys,21.70,370
8411,food-8411,food,23.07,377
8412,electronics-8412,electronics,24.44,384
8413,clothing-8413,clothing,25.81,391
8414,books-8414,books,27.18,398
8415,home-8415,home,28.55,405
8416,toys-8416,toys,29.92,412
8417,food-8417,food,31.29,419
8418,electronics-8418,electronics,32.66,426
8419,clothing-8419,clothing,34.03,433
8420,books-8420,books,35.40,440
8421,home-8421,home,36.77,447
8422,toys-8422,toys,38.14,454
8423,food-8423,food,39.51,461
8424,electronics-8424,electronics,40.88,468
8425,clothing-8425,clothing,42.25,475
8426,books-8426,books,43.62,482
8427,home-8427,home,44.99,489
8428,toys-8428,toys,46.36,496
8429,food-8429,food,47.73,3
8430,electronics-8430,electronics,49.10,10
8431,clothing-8431,clothing,50.47,17
8432,books-8432,books,51.84,24
8433,home-8433,home,53.21,31
8434,toys-8434,toys,54.58,38
8435,food-8435,food,55.95,45
8436,electronics-8436,electronics,57.32,52
8437,clothing-8437,clothing,58.69,59
8438,books-8438,books,60.06,66
8439,home-8439,home,61.43,73
8440,toys-8440,toys,62.80,80
8441,food-8441,food,64.17,87
8442,electronics-8442,electronics,65.54,94
8443,clothing-8443,clothing,66.91,101
8444,books-8444,books,68.28,108
8445,home-8445,home,69.65,115
8446,toys-8446,toys,71.02,122
8447,food-8447,food,72.39,129
8448,electronics-8448,electronics,73.76,136
8449,clothing-8449,clothing,75.13,143
8450,books-8450,books,76.50,150
8451,home-8451,home,77.87,157
8452,toys-8452,toys,79.24,164
8453,food-8453,food,80.61,171
8454,electronics-8454,electronics,81.98,178
8455,clothing-8455,clothing,83.35,185
8456,books-8456,books,84.72,192
8457,home-8457,home,86.09,199
8458,toys-8458,toys,87.46,206
8459,food-8459,food,88.83,213
8460,electronics-8460,electronics,90.20,220
8461,clothing-8461,clothing,91.57,227
8462,books-8462,books,92.94,234
8463,home-8463,home,94.31,241
8464,toys-8464,toys,95.68,248
8465,food-8465,food,97.05,255
8466,electronics-8466,electronics,98.42,262
8467,clothing-8467,clothing,99.79,269
8468,books-8468,books,1.16,276
8469,home-8469,home,2.53,283
8470,toys-8470,toys,3.90,290
8471,food-8471,food,5.27,297
8472,electronics-8472,electronics,6.64,304
8473,clothing-8473,clothing,8.01,311
8474,books-8474,books,9.38,318
8475,home-8475,home,10.75,325
8476,toys-8476,toys,12.12,332
8477,food-8477,food,13.49,339
8478,electronics-8478,electronics,14.86,346
8479,clothing-8479,clothing,16.23,353
8480,books-8480,books,17.60,360
8481,home-8481,home,18.97,367
8482,toys-8482,toys,20.34,374
8483,food-8483,food,21.71,381
8484,electronics-8484,electronics,23.08,388
8485,clothing-8485,clothing,24.45,395
8486,books-8486,books,25.82,402
8487,home-8487,home,27.19,409
8488,toys-8488,toys,28.56,416
8489,food-8489,food,29.93,423
8490,electronics-8490,electronics,31.30,430
8491,clothing-8491,clothing,32.67,437
8492,books-8492,books,34.04,444
8493,home-8493,home,35.41,451
8494,toys-8494,toys,36.78,458
8495,food-8495,food,38.15,465
8496,electronics-8496,electronics,39.52,472
8497,clothing-8497,clothing,40.89,479
8498,books-8498,books,42.26,486
8499,home-8499,home,43.63,493
8500,toys-8500,toys,45.00,0
8501,food-8501,food,46.37,7
8502,electronics-8502,electronics,47.74,14
8503,clothing-8503,clothing,49.11,21
8504,books-8504,books,50.48,28
8505,home-8505,home,51.85,35
8506,toys-8506,toys,53.22,42
8507,food-8507,food,54.59,49
8508,electronics-8508,electronics,55.96,56
8509,clothing-8509,clothing,57.33,63
8510,books-8510,books,58.70,70
8511,home-8511,home,60.07,77
8512,toys-8512,toys,61.44,84
8513,food-8513,food,62.81,91
8514,electronics-8514,electronics,64.18,98
8515,clothing-8515,clothing,65.55,105
8516,books-8516,books,66.92,112
8517,home-8517,home,68.29,119
8518,toys-8518,toys,69.66,126
8519,food-8519,food,71.03,133
8520,electronics-8520,electronics,72.40,140
8521,clothing-8521,clothing,73.77,147
8522,books-8522,books,75.14,154
8523,home-8523,home,76.51,161
8524,toys-8524,toys,77.88,168
8525,food-8525,food,79.25,175
8526,electronics-8526,electronics,80.62,182
8527,clothing-8527,clothing,81.99,189
8528,books-8528,books,83.36,196
8529,home-8529,home,84.73,203
8530,toys-8530,toys,86.10,210
8531,food-8531,food,87.47,217
8532,electronics-8532,electronics,88.84,224
8533,clothing-8533,clothing,90.21,231
8534,books-8534,books,91.58,238
8535,home-8535,home,92.95,245
8536,toys-8536,toys,94.32,252
8537,food-8537,food,95.69,259
8538,electronics-8538,electronics,97.06,266
8539,clothing-8539,clothing,98.43,273
8540,books-8540,books,99.80,280
8541,home-8541,home,1.17,287
8542,toys-8542,toys,2.54,294
8543,food-8543,food,3.91,301
8544,electronics-8544,electronics,5.28,308
8545,clothing-8545,clothing,6.65,315
8546,books-8546,books,8.02,322
8547,home-8547,home,9.39,329
8548,toys-8548,toys,10.76,336
8549,food-8549,food,12.13,343
8550,electronics-8550,electronics,13.50,350
8551,clothing-8551,clothing,14.87,357
8552,books-8552,books,16.24,364
8553,home-8553,home,17.61,371
8554,toys-8554,toys,18.98,378
8555,food-8555,food,20.35,385
8556,electronics-8556,electronics,21.72,392
8557,clothing-8557,clothing,23.09,399
8558,books-8558,books,24.46,406
8559,home-8559,home,25.83,413
8560,toys-8560,toys,27.20,420
8561,food-8561,food,28.57,427
8562,electronics-8562,electronics,29.94,434
8563,clothing-8563,clothing,31.31,441
8564,books-8564,books,32.68,448
8565,home-8565,home,34.05,455
8566,toys-8566,toys,35.42,462
8567,food-8567,food,36.79,469
8568,electronics-8568,electronics,38.16,476
8569,clothing-8569,clothing,39.53,483
8570,books-8570,books,40.90,490
8571,home-8571,home,42.27,497
8572,toys-8572,toys,43.64,4
8573,food-8573,food,45.01,11
8574,electronics-8574,electronics,46.38,18
8575,clothing-8575,clothing,47.75,25
8576,books-8576,books,49.12,32
8577,home-8577,home,50.49,39
8578,toys-8578,toys,51.86,46
8579,food-8579,food,53.23,53
8580,electronics-8580,electronics,54.60,60
8581,clothing-8581,clothing,55.97,67
8582,books-8582,books,57.34,74
8583,home-8583,home,58.71,81
8584,toys-8584,toys,60.08,88
8585,food-8585,food,61.45,95
8586,electronics-8586,electronics,62.82,102
8587,clothing-8587,clothing,64.19,109
8588,books-8588,books,65.56,116
8589,home-8589,home,66.93,123
8590,toys-8590,toys,68.30,130
8591,food-8591,food,69.67,137
8592,electronics-8592,electronics,71.04,144
8593,clothing-8593,clothing,72.41,151
8594,books-8594,books,73.78,158
8595,home-8595,home,75.15,165
8596,toys-8596,toys,76.52,172
8597,food-8597,food,77.89,179
8598,electronics-8598,electronics,79.26,186
8599,clothing-8599,clothing,80.63,193
8600,books-8600,books,82.00,200
8601,home-8601,home,83.37,207
8602,toys-8602,toys,84.74,214
8603,food-8603,food,86.11,221
8604,electronics-8604,electronics,87.48,228
8605,clothing-8605,clothing,88.85,235
8606,books-8606,books,90.22,242
8607,home-8607,home,91.59,249
8608,toys-8608,toys,92.96,256
8609,food-8609,food,94.33,263
8610,electronics-8610,electronics,95.70,270
8611,clothing-8611,clothing,97.07,277
8612,books-8612,books,98.44,284
8613,home-8613,home,99.81,291
8614,toys-8614,toys,1.18,298
8615,food-8615,food,2.55,305
8616,electronics-8616,electronics,3.92,312
8617,clothing-8617,clothing,5.29,319
8618,books-8618,books,6.66,326
8619,home-8619,home,8.03,333
8620,toys-8620,toys,9.40,340
8621,food-8621,food,10.77,347
8622,electronics-8622,electronics,12.14,354
8623,clothing-8623,clothing,13.51,361
8624,books-8624,books,14.88,368
8625,home-8625,home,16.25,375
8626,toys-8626,toys,17.62,382
8627,food-8627,food,18.99,389
8628,electronics-8628,electronics,20.36,396
8629,clothing-8629,clothing,21.73,403
8630,books-8630,books,23.10,410
8631,home-8631,home,24.47,417
8632,toys-8632,toys,25.84,424
8633,food-8633,food,27.21,431
8634,electronics-8634,electronics,28.58,438
8635,clothing-8635,clothing,29.95,445
8636,books-8636,books,31.32,452
8637,home-8637,home,32.69,459
8638,toys-8638,toys,34.06,466
8639,food-8639,food,35.43,473
8640,electronics-8640,electronics,36.80,480
8641,clothing-8641,clothing,38.17,487
8642,books-8642,books,39.54,494
8643,home-8643,home,40.91,1
8644,toys-8644,toys,42.28,8
8645,food-8645,food,43.65,15
8646,electronics-8646,electronics,45.02,22
8647,clothing-8647,clothing,46.39,29
8648,books-8648,books,47.76,36
8649,home-8649,home,49.13,43
8650,toys-8650,toys,50.50,50
8651,food-8651,food,51.87,57
8652,electronics-8652,electronics,53.24,64
8653,clothing-8653,clothing,54.61,71
8654,books-8654,books,55.98,78
8655,home-8655,home,57.35,85
8656,toys-8656,toys,58.72,92
8657,food-8657,food,60.09,99
8658,electronics-8658,electronics,61.46,106
8659,clothing-8659,clothing,62.83,113
8660,books-8660,books,64.20,120
8661,home-8661,home,65.57,127
8662,toys-8662,toys,66.94,134
8663,food-8663,food,68.31,141
8664,electronics-8664,electronics,69.68,148
8665,clothing-8665,clothing,71.05,155
8666,books-8666,books,72.42,162
8667,home-8667,home,73.79,169
8668,toys-8668,toys,75.16,176
8669,food-8669,food,76.53,183
8670,electronics-8670,electronics,77.90,190
8671,clothing-8671,clothing,79.27,197
8672,books-8672,books,80.64,204
8673,home-8673,home,82.01,211
8674,toys-8674,toys,83.38,218
8675,food-8675,food,84.75,225
8676,electronics-8676,electronics,86.12,232
8677,clothing-8677,clothing,87.49,239
8678,books-8678,books,88.86,246
8679,home-8679,home,90.23,253
8680,toys-8680,toys,91.60,260
8681,food-8681,food,92.97,267
8682,electronics-8682,electronics,94.34,274
8683,clothing-8683,clothing,95.71,281
8684,books-8684,books,97.08,288
8685,home-8685,home,98.45,295
8686,toys-8686,toys,99.82,302
8687,food-8687,food,1.19,309
8688,electronics-8688,electronics,2.56,316
8689,clothing-8689,clothing,3.93,323
8690,books-8690,books,5.30,330
8691,home-8691,home,6.67,337
8692,toys-8692,toys,8.04,344
8693,food-8693,food,9.41,351
8694,electronics-8694,electronics,10.78,358
8695,clothing-8695,clothing,12.15,365
8696,books-8696,books,13.52,372
8697,home-8697,home,14.89,379
8698,toys-8698,toys,16.26,386
8699,food-8699,food,17.63,393
8700,electronics-8700,electronics,19.00,400
8701,clothing-8701,clothing,20.37,407
8702,books-8702,books,21.74,414
8703,home-8703,home,23.11,421
8704,toys-8704,toys,24.48,428
8705,food-8705,food,25.85,435
8706,electronics-8706,electronics,27.22,442
8707,clothing-8707,clothing,28.59,449
8708,books-8708,books,29.96,456
8709,home-8709,home,31.33,463
8710,toys-8710,toys,32.70,470
8711,food-8711,food,34.07,477
8712,electronics-8712,electronics,35.44,484
8713,clothing-8713,clothing,36.81,491
8714,books-8714,books,38.18,498
8715,home-8715,home,39.55,5
8716,toys-8716,toys,40.92,12
8717,food-8717,food,42.29,19
8718,electronics-8718,electronics,43.66,26
8719,clothing-8719,clothing,45.03,33
8720,books-8720,books,46.40,40
8721,home-8721,home,47.77,47
8722,toys-8722,toys,49.14,54
8723,food-8723,food,50.51,61
8724,electronics-8724,electronics,51.88,68
8725,clothing-8725,clothing,53.25,75
8726,books-8726,books,54.62,82
8727,home-8727,home,55.99,89
8728,toys-8728,toys,57.36,96
8729,food-8729,food,58.73,103
8730,electronics-8730,electronics,60.10,110
8731,clothing-8731,clothing,61.47,117
8732,books-8732,books,62.84,124
8733,home-8733,home,64.21,131
8734,toys-8734,toys,65.58,138
8735,food-8735,food,66.95,145
8736,electronics-8736,electronics,68.32,152
8737,clothing-8737,clothing,69.69,159
8738,books-8738,books,71.06,166
8739,home-8739,home,72.43,173
8740,toys-8740,toys,73.80,180
8741,food-8741,food,75.17,187
8742,electronics-8742,electronics,76.54,194
8743,clothing-8743,clothing,77.91,201
8744,books-8744,books,79.28,208
8745,home-8745,home,80.65,215
8746,toys-8746,toys,82.02,222
8747,food-8747,food,83.39,229
8748,electronics-8748,electronics,84.76,236
8749,clothing-8749,clothing,86.13,243
8750,books-8750,books,87.50,250
8751,home-8751,home,88.87,257
8752,toys-8752,toys,90.24,264
8753,food-8753,food,91.61,271
8754,electronics-8754,electronics,92.98,278
8755,clothing-8755,clothing,94.35,285
8756,books-8756,books,95.72,292
8757,home-8757,home,97.09,299
8758,toys-8758,toys,98.46,306
8759,food-8759,food,99.83,313
8760,electronics-8760,electronics,1.20,320
8761,clothing-8761,clothing,2.57,327
8762,books-8762,books,3.94,334
8763,home-8763,home,5.31,341
8764,toys-8764,toys,6.68,348
8765,food-8765,food,8.05,355
8766,electronics-8766,electronics,9.42,362
8767,clothing-8767,clothing,10.79,369
8768,books-8768,books,12.16,376
8769,home-8769,home,13.53,383
8770,toys-8770,toys,14.90,390
8771,food-8771,food,16.27,397
8772,electronics-8772,electronics,17.64,404
8773,clothing-8773,clothing,19.01,411
8774,books-8774,books,20.38,418
8775,home-8775,home,21.75,425
8776,toys-8776,toys,23.12,432
8777,food-8777,food,24.49,439
8778,electronics-8778,electronics,25.86,446
8779,clothing-8779,clothing,27.23,453
8780,books-8780,books,28.60,460
8781,home-8781,home,29.97,467
8782,toys-8782,toys,31.34,474
8783,food-8783,food,32.71,481
8784,electronics-8784,electronics,34.08,488
8785,clothing-8785,clothing,35.45,495
8786,books-8786,books,36.82,2
8787,home-8787,home,38.19,9
8788,toys-8788,toys,39.56,16
8789,food-8789,food,40.93,23
8790,electronics-8790,electronics,42.30,30
8791,clothing-8791,clothing,43.67,37
8792,books-8792,books,45.04,44
8793,home-8793,home,46.41,51
8794,toys-8794,toys,47.78,58
8795,food-8795,food,49.15,65
8796,electronics-8796,electronics,50.52,72
8797,clothing-8797,clothing,51.89,79
8798,books-8798,books,53.26,86
8799,home-8799,home,54.63,93
8800,toys-8800,toys,56.00,100
8801,food-8801,food,57.37,107
8802,electronics-8802,electronics,58.74,114
8803,clothing-8803,clothing,60.11,121
8804,books-8804,books,61.48,128
8805,home-8805,home,62.85,135
8806,toys-8806,toys,64.22,142
8807,food-8807,food,65.59,149
8808,electronics-8808,electronics,66.96,156
8809,clothing-8809,clothing,68.33,163
8810,books-8810,books,69.70,170
8811,home-8811,home,71.07,177
8812,toys-8812,toys,72.44,184
8813,food-8813,food,73.81,191
8814,electronics-8814,electronics,75.18,198
8815,clothing-8815,clothing,76.55,205
8816,books-8816,books,77.92,212
8817,home-8817,home,79.29,219
8818,toys-8818,toys,80.66,226
8819,food-8819,food,82.03,233
8820,electronics-8820,electronics,83.40,240
8821,clothing-8821,clothing,84.77,247
8822,books-8822,books,86.14,254
8823,home-8823,home,87.51,261
8824,toys-8824,toys,88.88,268
8825,food-8825,food,90.25,275
8826,electronics-8826,electronics,91.62,282
8827,clothing-8827,clothing,92.99,289
8828,books-8828,books,94.36,296
8829,home-8829,home,95.73,303
8830,toys-8830,toys,97.10,310
8831,food-8831,food,98.47,317
8832,electronics-8832,electronics,99.84,324
8833,clothing-8833,clothing,1.21,331
8834,books-8834,books,2.58,338
8835,home-8835,home,3.95,345
8836,toys-8836,toys,5.32,352
8837,food-8837,food,6.69,359
8838,electronics-8838,electronics,8.06,366
8839,clothing-8839,clothing,9.43,373
8840,books-8840,books,10.80,380
8841,home-8841,home,12.17,387
8842,toys-8842,toys,13.54,394
8843,food-8843,food,14.91,401
8844,electronics-8844,electronics,16.28,408
8845,clothing-8845,clothing,17.65,415
8846,books-8846,books,19.02,422
8847,home-8847,home,20.39,429
8848,toys-8848,toys,21.76,436
8849,food-8849,food,23.13,443
8850,electronics-8850,electronics,24.50,450
8851,clothing-8851,clothing,25.87,457
8852,books-8852,books,27.24,464
8853,home-8853,home,28.61,471
8854,toys-8854,toys,29.98,478
8855,food-8855,food,31.35,485
8856,electronics-8856,electronics,32.72,492
8857,clothing-8857,clothing,34.09,499
8858,books-8858,books,35.46,6
8859,home-8859,home,36.83,13
8860,toys-8860,toys,38.20,20
8861,food-8861,food,39.57,27
8862,electronics-8862,electronics,40.94,34
8863,clothing-8863,clothing,42.31,41
8864,books-8864,books,43.68,48
8865,home-8865,home,45.05,55
8866,toys-8866,toys,46.42,62
8867,food-8867,food,47.79,69
8868,electronics-8868,electronics,49.16,76
8869,clothing-8869,clothing,50.53,83
8870,books-8870,books,51.90,90
8871,home-8871,home,53.27,97
8872,toys-8872,toys,54.64,104
8873,food-8873,food,56.01,111
8874,electronics-8874,electronics,57.38,118
8875,clothing-8875,clothing,58.75,125
8876,books-8876,books,60.12,132
8877,home-8877,home,61.49,139
8878,toys-8878,toys,62.86,146
8879,food-8879,food,64.23,153
8880,electronics-8880,electronics,65.60,160
8881,clothing-8881,clothing,66.97,167
8882,books-8882,books,68.34,174
8883,home-8883,home,69.71,181
8884,toys-8884,toys,71.08,188
8885,food-8885,food,72.45,195
8886,electronics-8886,electronics,73.82,202
8887,clothing-8887,clothing,75.19,209
8888,books-8888,books,76.56,216
8889,home-8889,home,77.93,223
8890,toys-8890,toys,79.30,230
8891,food-8891,food,80.67,237
8892,electronics-8892,electronics,82.04,244
8893,clothing-8893,clothing,83.41,251
8894,books-8894,books,84.78,258
8895,home-8895,home,86.15,265
8896,toys-8896,toys,87.52,272
8897,food-8897,food,88.89,279
8898,electronics-8898,electronics,90.26,286
8899,clothing-8899,clothing,91.63,293
8900,books-8900,books,93.00,300
8901,home-8901,home,94.37,307
8902,toys-8902,toys,95.74,314
8903,food-8903,food,97.11,321
8904,electronics-8904,electronics,98.48,328
8905,clothing-8905,clothing,99.85,335
8906,books-8906,books,1.22,342
8907,home-8907,home,2.59,349
8908,toys-8908,toys,3.96,356
8909,food-8909,food,5.33,363
8910,electronics-8910,electronics,6.70,370
8911,clothing-8911,clothing,8.07,377
8912,books-8912,books,9.44,384
8913,home-8913,home,10.81,391
8914,toys-8914,toys,12.18,398
8915,food-8915,food,13.55,405
8916,electronics-8916,electronics,14.92,412
8917,clothing-8917,clothing,16.29,419
8918,books-8918,books,17.66,426
8919,home-8919,home,19.03,433
8920,toys-8920,toys,20.40,440
8921,food-8921,food,21.77,447
8922,electronics-8922,electronics,23.14,454
8923,clothing-8923,clothing,24.51,461
8924,books-8924,books,25.88,468
8925,home-8925,home,27.25,475
8926,toys-8926,toys,28.62,482
8927,food-8927,food,29.99,489
8928,electronics-8928,electronics,31.36,496
8929,clothing-8929,clothing,32.73,3
8930,books-8930,books,34.10,10
8931,home-8931,home,35.47,17
8932,toys-8932,toys,36.84,24
8933,food-8933,food,38.21,31
8934,electronics-8934,electronics,39.58,38
8935,clothing-8935,clothing,40.95,45
8936,books-8936,books,42.32,52
8937,home-8937,home,43.69,59
8938,toys-8938,toys,45.06,66
8939,food-8939,food,46.43,73
8940,electronics-8940,electronics,47.80,80
8941,clothing-8941,clothing,49.17,87
8942,books-8942,books,50.54,94
8943,home-8943,home,51.91,101
8944,toys-8944,toys,53.28,108
8945,food-8945,food,54.65,115
8946,electronics-8946,electronics,56.02,122
8947,clothing-8947,clothing,57.39,129
8948,books-8948,books,58.76,136
8949,home-8949,home,60.13,143
8950,toys-8950,toys,61.50,150
8951,food-8951,food,62.87,157
8952,electronics-8952,electronics,64.24,164
8953,clothing-8953,clothing,65.61,171
8954,books-8954,books,66.98,178
8955,home-8955,home,68.35,185
8956,toys-8956,toys,69.72,192
8957,food-8957,food,71.09,199
8958,electronics-8958,electronics,72.46,206
8959,clothing-8959,clothing,73.83,213
8960,books-8960,books,75.20,220
8961,home-8961,home,76.57,227
8962,toys-8962,toys,77.94,234
8963,food-8963,food,79.31,241
8964,electronics-8964,electronics,80.68,248
8965,clothing-8965,clothing,82.05,255
8966,books-8966,books,83.42,262
8967,home-8967,home,84.79,269
8968,toys-8968,toys,86.16,276
8969,food-8969,food,87.53,283
8970,electronics-8970,electronics,88.90,290
8971,clothing-8971,clothing,90.27,297
8972,books-8972,books,91.64,304
8973,home-8973,home,93.01,311
8974,toys-8974,toys,94.38,318
8975,food-8975,food,95.75,325
8976,electronics-8976,electronics,97.12,332
8977,clothing-8977,clothing,98.49,339
8978,books-8978,books,99.86,346
8979,home-8979,home,1.23,353
8980,toys-8980,toys,2.60,360
8981,food-8981,food,3.97,367
8982,electronics-8982,electronics,5.34,374
8983,clothing-8983,clothing,6.71,381
8984,books-8984,books,8.08,388
8985,home-8985,home,9.45,395
8986,toys-8986,toys,10.82,402
8987,food-8987,food,12.19,409
8988,electronics-8988,electronics,13.56,416
8989,clothing-8989,clothing,14.93,423
8990,books-8990,books,16.30,430
8991,home-8991,home,17.67,437
8992,toys-8992,toys,19.04,444
8993,food-8993,food,20.41,451
8994,electronics-8994,electronics,21.78,458
8995,clothing-8995,clothing,23.15,465
8996,books-8996,books,24.52,472
8997,home-8997,home,25.89,479
8998,toys-8998,toys,27.26,486
8999,food-8999,food,28.63,493
9000,electronics-9000,electronics,30.00,0
9001,clothing-9001,clothing,31.37,7
9002,books-9002,books,32.74,14
9003,home-9003,home,34.11,21
9004,toys-9004,toys,35.48,28
9005,food-9005,food,36.85,35
9006,electronics-9006,electronics,38.22,42
9007,clothing-9007,clothing,39.59,49
9008,books-9008,books,40.96,56
9009,home-9009,home,42.33,63
9010,toys-9010,toys,43.70,70
9011,food-9011,food,45.07,77
9012,electronics-9012,electronics,46.44,84
9013,clothing-9013,clothing,47.81,91
9014,books-9014,books,49.18,98
9015,home-9015,home,50.55,105
9016,toys-9016,toys,51.92,112
9017,food-9017,food,53.29,119
9018,electronics-9018,electronics,54.66,126
9019,clothing-9019,clothing,56.03,133
9020,books-9020,books,57.40,140
9021,home-9021,home,58.77,147
9022,toys-9022,toys,60.14,154
9023,food-9023,food,61.51,161
9024,electronics-9024,electronics,62.88,168
9025,clothing-9025,clothing,64.25,175
9026,books-9026,books,65.62,182
9027,home-9027,home,66.99,189
9028,toys-9028,toys,68.36,196
9029,food-9029,food,69.73,203
9030,electronics-9030,electronics,71.10,210
9031,clothing-9031,clothing,72.47,217
9032,books-9032,books,73.84,224
9033,home-9033,home,75.21,231
9034,toys-9034,toys,76.58,238
9035,food-9035,food,77.95,245
9036,electronics-9036,electronics,79.32,252
9037,clothing-9037,clothing,80.69,259
9038,books-9038,books,82.06,266
9039,home-9039,home,83.43,273
9040,toys-9040,toys,84.80,280
9041,food-9041,food,86.17,287
9042,electronics-9042,electronics,87.54,294
9043,clothing-9043,clothing,88.91,301
9044,books-9044,books,90.28,308
9045,home-9045,home,91.65,315
9046,toys-9046,toys,93.02,322
9047,food-9047,food,94.39,329
9048,electronics-9048,electronics,95.76,336
9049,clothing-9049,clothing,97.13,343
9050,books-9050,books,98.50,350
9051,home-9051,home,99.87,357
9052,toys-9052,toys,1.24,364
9053,food-9053,food,2.61,371
9054,electronics-9054,electronics,3.98,378
9055,clothing-9055,clothing,5.35,385
9056,books-9056,books,6.72,392
9057,home-9057,home,8.09,399
9058,toys-9058,toys,9.46,406
9059,food-9059,food,10.83,413
9060,electronics-9060,electronics,12.20,420
9061,clothing-9061,clothing,13.57,427
9062,books-9062,books,14.94,434
9063,home-9063,home,16.31,441
9064,toys-9064,toys,17.68,448
9065,food-9065,food,19.05,455
9066,electronics-9066,electronics,20.42,462
9067,clothing-9067,clothing,21.79,469
9068,books-9068,books,23.16,476
9069,home-9069,home,24.53,483
9070,toys-9070,toys,25.90,490
9071,food-9071,food,27.27,497
9072,electronics-9072,electronics,28.64,4
9073,clothing-9073,clothing,30.01,11
9074,books-9074,books,31.38,18
9075,home-9075,home,32.75,25
9076,toys-9076,toys,34.12,32
9077,food-9077,food,35.49,39
9078,electronics-9078,electronics,36.86,46
9079,clothing-9079,clothing,38.23,53
9080,books-9080,books,39.60,60
9081,home-9081,home,40.97,67
9082,toys-9082,toys,42.34,74
9083,food-9083,food,43.71,81
9084,electronics-9084,electronics,45.08,88
9085,clothing-9085,clothing,46.45,95
9086,books-9086,books,47.82,102
9087,home-9087,home,49.19,109
9088,toys-9088,toys,50.56,116
9089,food-9089,food,51.93,123
9090,electronics-9090,electronics,53.30,130
9091,clothing-9091,clothing,54.67,137
9092,books-9092,books,56.04,144
9093,home-9093,home,57.41,151
9094,toys-9094,toys,58.78,158
9095,food-9095,food,60.15,165
9096,electronics-9096,electronics,61.52,172
9097,clothing-9097,clothing,62.89,179
9098,books-9098,books,64.26,186
9099,home-9099,home,65.63,193
9100,toys-9100,toys,67.00,200
9101,food-9101,food,68.37,207
9102,electronics-9102,electronics,69.74,214
9103,clothing-9103,clothing,71.11,221
9104,books-9104,books,72.48,228
9105,home-9105,home,73.85,235
9106,toys-9106,toys,75.22,242
9107,food-9107,food,76.59,249
9108,electronics-9108,electronics,77.96,256
9109,clothing-9109,clothing,79.33,263
9110,books-9110,books,80.70,270
9111,home-9111,home,82.07,277
9112,toys-9112,toys,83.44,284
9113,food-9113,food,84.81,291
9114,electronics-9114,electronics,86.18,298
9115,clothing-9115,clothing,87.55,305
9116,books-9116,books,88.92,312
9117,home-9117,home,90.29,319
9118,toys-9118,toys,91.66,326
9119,food-9119,food,93.03,333
9120,electronics-9120,electronics,94.40,340
9121,clothing-9121,clothing,95.77,347
9122,books-9122,books,97.14,354
9123,home-9123,home,98.51,361
9124,toys-9124,toys,99.88,368
9125,food-9125,food,1.25,375
9126,electronics-9126,electronics,2.62,382
9127,clothing-9127,clothing,3.99,389
9128,books-9128,books,5.36,396
9129,home-9129,home,6.73,403
9130,toys-9130,toys,8.10,410
9131,food-9131,food,9.47,417
9132,electronics-9132,electronics,10.84,424
9133,clothing-9133,clothing,12.21,431
9134,books-9134,books,13.58,438
9135,home-9135,home,14.95,445
9136,toys-9136,toys,16.32,452
9137,food-9137,food,17.69,459
9138,electronics-9138,electronics,19.06,466
9139,clothing-9139,clothing,20.43,473
9140,books-9140,books,21.80,480
9141,home-9141,home,23.17,487
9142,toys-9142,toys,24.54,494
9143,food-9143,food,25.91,1
9144,electronics-9144,electronics,27.28,8
9145,clothing-9145,clothing,28.65,15
9146,books-9146,books,30.02,22
9147,home-9147,home,31.39,29
9148,toys-9148,toys,32.76,36
9149,food-9149,food,34.13,43
9150,electronics-9150,electronics,35.50,50
9151,clothing-9151,clothing,36.87,57
9152,books-9152,books,38.24,64
9153,home-9153,home,39.61,71
9154,toys-9154,toys,40.98,78
9155,food-9155,food,42.35,85
9156,electronics-9156,electronics,43.72,92
9157,clothing-9157,clothing,45.09,99
9158,books-9158,books,46.46,106
9159,home-9159,home,47.83,113
9160,toys-9160,toys,49.20,120
9161,food-9161,food,50.57,127
9162,electronics-9162,electronics,51.94,134
9163,clothing-9163,clothing,53.31,141
9164,books-9164,books,54.68,148
9165,home-9165,home,56.05,155
9166,toys-9166,toys,57.42,162
9167,food-9167,food,58.79,169
9168,electronics-9168,electronics,60.16,176
9169,clothing-9169,clothing,61.53,183
9170,books-9170,books,62.90,190
9171,home-9171,home,64.27,197
9172,toys-9172,toys,65.64,204
9173,food-9173,food,67.01,211
9174,electronics-9174,electronics,68.38,218
9175,clothing-9175,clothing,69.75,225
9176,books-9176,books,71.12,232
9177,home-9177,home,72.49,239
9178,toys-9178,toys,73.86,246
9179,food-9179,food,75.23,253
9180,electronics-9180,electronics,76.60,260
9181,clothing-9181,clothing,77.97,267
9182,books-9182,books,79.34,274
9183,home-9183,home,80.71,281
9184,toys-9184,toys,82.08,288
9185,food-9185,food,83.45,295
9186,electronics-9186,electronics,84.82,302
9187,clothing-9187,clothing,86.19,309
9188,books-9188,books,87.56,316
9189,home-9189,home,88.93,323
9190,toys-9190,toys,90.30,330
9191,food-9191,food,91.67,337
9192,electronics-9192,electronics,93.04,344
9193,clothing-9193,clothing,94.41,351
9194,books-9194,books,95.78,358
9195,home-9195,home,97.15,365
9196,toys-9196,toys,98.52,372
9197,food-9197,food,99.89,379
9198,electronics-9198,electronics,1.26,386
9199,clothing-9199,clothing,2.63,393
9200,books-9200,books,4.00,400
9201,home-9201,home,5.37,407
9202,toys-9202,toys,6.74,414
9203,food-9203,food,8.11,421
9204,electronics-9204,electronics,9.48,428
9205,clothing-9205,clothing,10.85,435
9206,books-9206,books,12.22,442
9207,home-9207,home,13.59,449
9208,toys-9208,toys,14.96,456
9209,food-9209,food,16.33,463
9210,electronics-9210,electronics,17.70,470
9211,clothing-9211,clothing,19.07,477
9212,books-9212,books,20.44,484
9213,home-9213,home,21.81,491
9214,toys-9214,toys,23.18,498
9215,food-9215,food,24.55,5
9216,electronics-9216,electronics,25.92,12
9217,clothing-9217,clothing,27.29,19
9218,books-9218,books,28.66,26
9219,home-9219,home,30.03,33
9220,toys-9220,toys,31.40,40
9221,food-9221,food,32.77,47
9222,electronics-9222,electronics,34.14,54
9223,clothing-9223,clothing,35.51,61
9224,books-9224,books,36.88,68
9225,home-9225,home,38.25,75
9226,toys-9226,toys,39.62,82
9227,food-9227,food,40.99,89
9228,electronics-9228,electronics,42.36,96
9229,clothing-9229,clothing,43.73,103
9230,books-9230,books,45.10,110
9231,home-9231,home,46.47,117
9232,toys-9232,toys,47.84,124
9233,food-9233,food,49.21,131
9234,electronics-9234,electronics,50.58,138
9235,clothing-9235,clothing,51.95,145
9236,books-9236,books,53.32,152
9237,home-9237,home,54.69,159
9238,toys-9238,toys,56.06,166
9239,food-9239,food,57.43,173
9240,electronics-9240,electronics,58.80,180
9241,clothing-9241,clothing,60.17,187
9242,books-9242,books,61.54,194
9243,home-9243,home,62.91,201
9244,toys-9244,toys,64.28,208
9245,food-9245,food,65.65,215
9246,electronics-9246,electronics,67.02,222
9247,clothing-9247,clothing,68.39,229
9248,books-9248,books,69.76,236
9249,home-9249,home,71.13,243
9250,toys-9250,toys,72.50,250
9251,food-9251,food,73.87,257
9252,electronics-9252,electronics,75.24,264
9253,clothing-9253,clothing,76.61,271
9254,books-9254,books,77.98,278
9255,home-9255,home,79.35,285
9256,toys-9256,toys,80.72,292
9257,food-9257,food,82.09,299
9258,electronics-9258,electronics,83.46,306
9259,clothing-9259,clothing,84.83,313
9260,books-9260,books,86.20,320
9261,home-9261,home,87.57,327
9262,toys-9262,toys,88.94,334
9263,food-9263,food,90.31,341
9264,electronics-9264,electronics,91.68,348
9265,clothing-9265,clothing,93.05,355
9266,books-9266,books,94.42,362
9267,home-9267,home,95.79,369
9268,toys-9268,toys,97.16,376
9269,food-9269,food,98.53,383
9270,electronics-9270,electronics,99.90,390
9271,clothing-9271,clothing,1.27,397
9272,books-9272,books,2.64,404
9273,home-9273,home,4.01,411
9274,toys-9274,toys,5.38,418
9275,food-9275,food,6.75,425
9276,electronics-9276,electronics,8.12,432
9277,clothing-9277,clothing,9.49,439
9278,books-9278,books,10.86,446
9279,home-9279,home,12.23,453
9280,toys-9280,toys,13.60,460
9281,food-9281,food,14.97,467
9282,electronics-9282,electronics,16.34,474
9283,clothing-9283,clothing,17.71,481
9284,books-9284,books,19.08,488
9285,home-9285,home,20.45,495
9286,toys-9286,toys,21.82,2
9287,food-9287,food,23.19,9
9288,electronics-9288,electronics,24.56,16
9289,clothing-9289,clothing,25.93,23
9290,books-9290,books,27.30,30
9291,home-9291,home,28.67,37
9292,toys-9292,toys,30.04,44
9293,food-9293,food,31.41,51
9294,electronics-9294,electronics,32.78,58
9295,clothing-9295,clothing,34.15,65
9296,books-9296,books,35.52,72
9297,home-9297,home,36.89,79
9298,toys-9298,toys,38.26,86
9299,food-9299,food,39.63,93
9300,electronics-9300,electronics,41.00,100
9301,clothing-9301,clothing,42.37,107
9302,books-9302,books,43.74,114
9303,home-9303,home,45.11,121
9304,toys-9304,toys,46.48,128
9305,food-9305,food,47.85,135
9306,electronics-9306,electronics,49.22,142
9307,clothing-9307,clothing,50.59,149
9308,books-9308,books,51.96,156
9309,home-9309,home,53.33,163
9310,toys-9310,toys,54.70,170
9311,food-9311,food,56.07,177
9312,electronics-9312,electronics,57.44,184
9313,clothing-9313,clothing,58.81,191
9314,books-9314,books,60.18,198
9315,home-9315,home,61.55,205
9316,toys-9316,toys,62.92,212
9317,food-9317,food,64.29,219
9318,electronics-9318,electronics,65.66,226
9319,clothing-9319,clothing,67.03,233
9320,books-9320,books,68.40,240
9321,home-9321,home,69.77,247
9322,toys-9322,toys,71.14,254
9323,food-9323,food,72.51,261
9324,electronics-9324,electronics,73.88,268
9325,clothing-9325,clothing,75.25,275
9326,books-9326,books,76.62,282
9327,home-9327,home,77.99,289
9328,toys-9328,toys,79.36,296
9329,food-9329,food,80.73,303
9330,electronics-9330,electronics,82.10,310
9331,clothing-9331,clothing,83.47,317
9332,books-9332,books,84.84,324
9333,home-9333,home,86.21,331
9334,toys-9334,toys,87.58,338
9335,food-9335,food,88.95,345
9336,electronics-9336,electronics,90.32,352
9337,clothing-9337,clothing,91.69,359
9338,books-9338,books,93.06,366
9339,home-9339,home,94.43,373
9340,toys-9340,toys,95.80,380
9341,food-9341,food,97.17,387
9342,electronics-9342,electronics,98.54,394
9343,clothing-9343,clothing,99.91,401
9344,books-9344,books,1.28,408
9345,home-9345,home,2.65,415
9346,toys-9346,toys,4.02,422
9347,food-9347,food,5.39,429
9348,electronics-9348,electronics,6.76,436
9349,clothing-9349,clothing,8.13,443
9350,books-9350,books,9.50,450
9351,home-9351,home,10.87,457
9352,toys-9352,toys,12.24,464
9353,food-9353,food,13.61,471
9354,electronics-9354,electronics,14.98,478
9355,clothing-9355,clothing,16.35,485
9356,books-9356,books,17.72,492
9357,home-9357,home,19.09,499
9358,toys-9358,toys,20.46,6
9359,food-9359,food,21.83,13
9360,electronics-9360,electronics,23.20,20
9361,clothing-9361,clothing,24.57,27
9362,books-9362,books,25.94,34
9363,home-9363,home,27.31,41
9364,toys-9364,toys,28.68,48
9365,food-9365,food,30.05,55
9366,electronics-9366,electronics,31.42,62
9367,clothing-9367,clothing,32.79,69
9368,books-9368,books,34.16,76
9369,home-9369,home,35.53,83
9370,toys-9370,toys,36.90,90
9371,food-9371,food,38.27,97
9372,electronics-9372,electronics,39.64,104
9373,clothing-9373,clothing,41.01,111
9374,books-9374,books,42.38,118
9375,home-9375,home,43.75,125
9376,toys-9376,toys,45.12,132
9377,food-9377,food,46.49,139
9378,electronics-9378,electronics,47.86,146
9379,clothing-9379,clothing,49.23,153
9380,books-9380,books,50.60,160
9381,home-9381,home,51.97,167
9382,toys-9382,toys,53.34,174
9383,food-9383,food,54.71,181
9384,electronics-9384,electronics,56.08,188
9385,clothing-9385,clothing,57.45,195
9386,books-9386,books,58.82,202
9387,home-9387,home,60.19,209
9388,toys-9388,toys,61.56,216
9389,food-9389,food,62.93,223
9390,electronics-9390,electronics,64.30,230
9391,clothing-9391,clothing,65.67,237
9392,books-9392,books,67.04,244
9393,home-9393,home,68.41,251
9394,toys-9394,toys,69.78,258
9395,food-9395,food,71.15,265
9396,electronics-9396,electronics,72.52,272
9397,clothing-9397,clothing,73.89,279
9398,books-9398,books,75.26,286
9399,home-9399,home,76.63,293
9400,toys-9400,toys,78.00,300
9401,food-9401,food,79.37,307
9402,electronics-9402,electronics,80.74,314
9403,clothing-9403,clothing,82.11,321
9404,books-9404,books,83.48,328
9405,home-9405,home,84.85,335
9406,toys-9406,toys,86.22,342
9407,food-9407,food,87.59,349
9408,electronics-9408,electronics,88.96,356
9409,clothing-9409,clothing,90.33,363
9410,books-9410,books,91.70,370
9411,home-9411,home,93.07,377
9412,toys-9412,toys,94.44,384
9413,food-9413,food,95.81,391
9414,electronics-9414,electronics,97.18,398
9415,clothing-9415,clothing,98.55,405
9416,books-9416,books,99.92,412
9417,home-9417,home,1.29,419
9418,toys-9418,toys,2.66,426
9419,food-9419,food,4.03,433
9420,electronics-9420,electronics,5.40,440
9421,clothing-9421,clothing,6.77,447
9422,books-9422,books,8.14,454
9423,home-9423,home,9.51,461
9424,toys-9424,toys,10.88,468
9425,food-9425,food,12.25,475
9426,electronics-9426,electronics,13.62,482
9427,clothing-9427,clothing,14.99,489
9428,books-9428,books,16.36,496
9429,home-9429,home,17.73,3
9430,toys-9430,toys,19.10,10
9431,food-9431,food,20.47,17
9432,electronics-9432,electronics,21.84,24
9433,clothing-9433,clothing,23.21,31
9434,books-9434,books,24.58,38
9435,home-9435,home,25.95,45
9436,toys-9436,toys,27.32,52
9437,food-9437,food,28.69,59
9438,electronics-9438,electronics,30.06,66
9439,clothing-9439,clothing,31.43,73
9440,books-9440,books,32.80,80
9441,home-9441,home,34.17,87
9442,toys-9442,toys,35.54,94
9443,food-9443,food,36.91,101
9444,electronics-9444,electronics,38.28,108
9445,clothing-9445,clothing,39.65,115
9446,books-9446,books,41.02,122
9447,home-9447,home,42.39,129
9448,toys-9448,toys,43.76,136
9449,food-9449,food,45.13,143
9450,electronics-9450,electronics,46.50,150
9451,clothing-9451,clothing,47.87,157
9452,books-9452,books,49.24,164
9453,home-9453,home,50.61,171
9454,toys-9454,toys,51.98,178
9455,food-9455,food,53.35,185
9456,electronics-9456,electronics,54.72,192
9457,clothing-9457,clothing,56.09,199
9458,books-9458,books,57.46,206
9459,home-9459,home,58.83,213
9460,toys-9460,toys,60.20,220
9461,food-9461,food,61.57,227
9462,electronics-9462,electronics,62.94,234
9463,clothing-9463,clothing,64.31,241
9464,books-9464,books,65.68,248
9465,home-9465,home,67.05,255
9466,toys-9466,toys,68.42,262
9467,food-9467,food,69.79,269
9468,electronics-9468,electronics,71.16,276
9469,clothing-9469,clothing,72.53,283
9470,books-9470,books,73.90,290
9471,home-9471,home,75.27,297
9472,toys-9472,toys,76.64,304
9473,food-9473,food,78.01,311
9474,electronics-9474,electronics,79.38,318
9475,clothing-9475,clothing,80.75,325
9476,books-9476,books,82.12,332
9477,home-9477,home,83.49,339
9478,toys-9478,toys,84.86,346
9479,food-9479,food,86.23,353
9480,electronics-9480,electronics,87.60,360
9481,clothing-9481,clothing,88.97,367
9482,books-9482,books,90.34,374
9483,home-9483,home,91.71,381
9484,toys-9484,toys,93.08,388
9485,food-9485,food,94.45,395
9486,electronics-9486,electronics,95.82,402
9487,clothing-9487,clothing,97.19,409
9488,books-9488,books,98.56,416
9489,home-9489,home,99.93,423
9490,toys-9490,toys,1.30,430
9491,food-9491,food,2.67,437
9492,electronics-9492,electronics,4.04,444
9493,clothing-9493,clothing,5.41,451
9494,books-9494,books,6.78,458
9495,home-9495,home,8.15,465
9496,toys-9496,toys,9.52,472
9497,food-9497,food,10.89,479
9498,electronics-9498,electronics,12.26,486
9499,clothing-9499,clothing,13.63,493
9500,books-9500,books,15.00,0
9501,home-9501,home,16.37,7
9502,toys-9502,toys,17.74,14
9503,food-9503,food,19.11,21
9504,electronics-9504,electronics,20.48,28
9505,clothing-9505,clothing,21.85,35
9506,books-9506,books,23.22,42
9507,home-9507,home,24.59,49
9508,toys-9508,toys,25.96,56
9509,food-9509,food,27.33,63
9510,electronics-9510,electronics,28.70,70
9511,clothing-9511,clothing,30.07,77
9512,books-9512,books,31.44,84
9513,home-9513,home,32.81,91
9514,toys-9514,toys,34.18,98
9515,food-9515,food,35.55,105
9516,electronics-9516,electronics,36.92,112
9517,clothing-9517,clothing,38.29,119
9518,books-9518,books,39.66,126
9519,home-9519,home,41.03,133
9520,toys-9520,toys,42.40,140
9521,food-9521,food,43.77,147
9522,electronics-9522,electronics,45.14,154
9523,clothing-9523,clothing,46.51,161
9524,books-9524,books,47.88,168
9525,home-9525,home,49.25,175
9526,toys-9526,toys,50.62,182
9527,food-9527,food,51.99,189
9528,electronics-9528,electronics,53.36,196
9529,clothing-9529,clothing,54.73,203
9530,books-9530,books,56.10,210
9531,home-9531,home,57.47,217
9532,toys-9532,toys,58.84,224
9533,food-9533,food,60.21,231
9534,electronics-9534,electronics,61.58,238
9535,clothing-9535,clothing,62.95,245
9536,books-9536,books,64.32,252
9537,home-9537,home,65.69,259
9538,toys-9538,toys,67.06,266
9539,food-9539,food,68.43,273
9540,electronics-9540,electronics,69.80,280
9541,clothing-9541,clothing,71.17,287
9542,books-9542,books,72.54,294
9543,home-9543,home,73.91,301
9544,toys-9544,toys,75.28,308
9545,food-9545,food,76.65,315
9546,electronics-9546,electronics,78.02,322
9547,clothing-9547,clothing,79.39,329
9548,books-9548,books,80.76,336
9549,home-9549,home,82.13,343
9550,toys-9550,toys,83.50,350
9551,food-9551,food,84.87,357
9552,electronics-9552,electronics,86.24,364
9553,clothing-9553,clothing,87.61,371
9554,books-9554,books,88.98,378
9555,home-9555,home,90.35,385
9556,toys-9556,toys,91.72,392
9557,food-9557,food,93.09,399
9558,electronics-9558,electronics,94.46,406
9559,clothing-9559,clothing,95.83,413
9560,books-9560,books,97.20,420
9561,home-9561,home,98.57,427
9562,toys-9562,toys,99.94,434
9563,food-9563,food,1.31,441
9564,electronics-9564,electronics,2.68,448
9565,clothing-9565,clothing,4.05,455
9566,books-9566,books,5.42,462
9567,home-9567,home,6.79,469
9568,toys-9568,toys,8.16,476
9569,food-9569,food,9.53,483
9570,electronics-9570,electronics,10.90,490
9571,clothing-9571,clothing,12.27,497
9572,books-9572,books,13.64,4
9573,home-9573,home,15.01,11
9574,toys-9574,toys,16.38,18
9575,food-9575,food,17.75,25
9576,electronics-9576,electronics,19.12,32
9577,clothing-9577,clothing,20.49,39
9578,books-9578,books,21.86,46
9579,home-9579,home,23.23,53
9580,toys-9580,toys,24.60,60
9581,food-9581,food,25.97,67
9582,electronics-9582,electronics,27.34,74
9583,clothing-9583,clothing,28.71,81
9584,books-9584,books,30.08,88
9585,home-9585,home,31.45,95
9586,toys-9586,toys,32.82,102
9587,food-9587,food,34.19,109
9588,electronics-9588,electronics,35.56,116
9589,clothing-9589,clothing,36.93,123
9590,books-9590,books,38.30,130
9591,home-9591,home,39.67,137
9592,toys-9592,toys,41.04,144
9593,food-9593,food,42.41,151
9594,electronics-9594,electronics,43.78,158
9595,clothing-9595,clothing,45.15,165
9596,books-9596,books,46.52,172
9597,home-9597,home,47.89,179
9598,toys-9598,toys,49.26,186
9599,food-9599,food,50.63,193
9600,electronics-9600,electronics,52.00,200
9601,clothing-9601,clothing,53.37,207
9602,books-9602,books,54.74,214
9603,home-9603,home,56.11,221
9604,toys-9604,toys,57.48,228
9605,food-9605,food,58.85,235
9606,electronics-9606,electronics,60.22,242
9607,clothing-9607,clothing,61.59,249
9608,books-9608,books,62.96,256
9609,home-9609,home,64.33,263
9610,toys-9610,toys,65.70,270
9611,food-9611,food,67.07,277
9612,electronics-9612,electronics,68.44,284
9613,clothing-9613,clothing,69.81,291
9614,books-9614,books,71.18,298
9615,home-9615,home,72.55,305
9616,toys-9616,toys,73.92,312
9617,food-9617,food,75.29,319
9618,electronics-9618,electronics,76.66,326
9619,clothing-9619,clothing,78.03,333
9620,books-9620,books,79.40,340
9621,home-9621,home,80.77,347
9622,toys-9622,toys,82.14,354
9623,food-9623,food,83.51,361
9624,electronics-9624,electronics,84.88,368
9625,clothing-9625,clothing,86.25,375
9626,books-9626,books,87.62,382
9627,home-9627,home,88.99,389
9628,toys-9628,toys,90.36,396
9629,food-9629,food,91.73,403
9630,electronics-9630,electronics,93.10,410
9631,clothing-9631,clothing,94.47,417
9632,books-9632,books,95.84,424
9633,home-9633,home,97.21,431
9634,toys-9634,toys,98.58,438
9635,food-9635,food,99.95,445
9636,electronics-9636,electronics,1.32,452
9637,clothing-9637,clothing,2.69,459
9638,books-9638,books,4.06,466
9639,home-9639,home,5.43,473
9640,toys-9640,toys,6.80,480
9641,food-9641,food,8.17,487
9642,electronics-9642,electronics,9.54,494
9643,clothing-9643,clothing,10.91,1
9644,books-9644,books,12.28,8
9645,home-9645,home,13.65,15
9646,toys-9646,toys,15.02,22
9647,food-9647,food,16.39,29
9648,electronics-9648,electronics,17.76,36
9649,clothing-9649,clothing,19.13,43
9650,books-9650,books,20.50,50
9651,home-9651,home,21.87,57
9652,toys-9652,toys,23.24,64
9653,food-9653,food,24.61,71
9654,electronics-9654,electronics,25.98,78
9655,clothing-9655,clothing,27.35,85
9656,books-9656,books,28.72,92
9657,home-9657,home,30.09,99
9658,toys-9658,toys,31.46,106
9659,food-9659,food,32.83,113
9660,electronics-9660,electronics,34.20,120
9661,clothing-9661,clothing,35.57,127
9662,books-9662,books,36.94,134
9663,home-9663,home,38.31,141
9664,toys-9664,toys,39.68,148
9665,food-9665,food,41.05,155
9666,electronics-9666,electronics,42.42,162
9667,clothing-9667,clothing,43.79,169
9668,books-9668,books,45.16,176
9669,home-9669,home,46.53,183
9670,toys-9670,toys,47.90,190
9671,food-9671,food,49.27,197
9672,electronics-9672,electronics,50.64,204
9673,clothing-9673,clothing,52.01,211
9674,books-9674,books,53.38,218
9675,home-9675,home,54.75,225
9676,toys-9676,toys,56.12,232
9677,food-9677,food,57.49,239
9678,electronics-9678,electronics,58.86,246
9679,clothing-9679,clothing,60.23,253
9680,books-9680,books,61.60,260
9681,home-9681,home,62.97,267
9682,toys-9682,toys,64.34,274
9683,food-9683,food,65.71,281
9684,electronics-9684,electronics,67.08,288
9685,clothing-9685,clothing,68.45,295
9686,books-9686,books,69.82,302
9687,home-9687,home,71.19,309
9688,toys-9688,toys,72.56,316
9689,food-9689,food,73.93,323
9690,electronics-9690,electronics,75.30,330
9691,clothing-9691,clothing,76.67,337
9692,books-9692,books,78.04,344
9693,home-9693,home,79.41,351
9694,toys-9694,toys,80.78,358
9695,food-9695,food,82.15,365
9696,electronics-9696,electronics,83.52,372
9697,clothing-9697,clothing,84.89,379
9698,books-9698,books,86.26,386
9699,home-9699,home,87.63,393
9700,toys-9700,toys,89.00,400
9701,food-9701,food,90.37,407
9702,electronics-9702,electronics,91.74,414
9703,clothing-9703,clothing,93.11,421
9704,books-9704,books,94.48,428
9705,home-9705,home,95.85,435
9706,toys-9706,toys,97.22,442
9707,food-9707,food,98.59,449
9708,electronics-9708,electronics,99.96,456
9709,clothing-9709,clothing,1.33,463
9710,books-9710,books,2.70,470
9711,home-9711,home,4.07,477
9712,toys-9712,toys,5.44,484
9713,food-9713,food,6.81,491
9714,electronics-9714,electronics,8.18,498
9715,clothing-9715,clothing,9.55,5
9716,books-9716,books,10.92,12
9717,home-9717,home,12.29,19
9718,toys-9718,toys,13.66,26
9719,food-9719,food,15.03,33
9720,electronics-9720,electronics,16.40,40
9721,clothing-9721,clothing,17.77,47
9722,books-9722,books,19.14,54
9723,home-9723,home,20.51,61
9724,toys-9724,toys,21.88,68
9725,food-9725,food,23.25,75
9726,electronics-9726,electronics,24.62,82
9727,clothing-9727,clothing,25.99,89
9728,books-9728,books,27.36,96
9729,home-9729,home,28.73,103
9730,toys-9730,toys,30.10,110
9731,food-9731,food,31.47,117
9732,electronics-9732,electronics,32.84,124
9733,clothing-9733,clothing,34.21,131
9734,books-9734,books,35.58,138
9735,home-9735,home,36.95,145
9736,toys-9736,toys,38.32,152
9737,food-9737,food,39.69,159
9738,electronics-9738,electronics,41.06,166
9739,clothing-9739,clothing,42.43,173
9740,books-9740,books,43.80,180
9741,home-9741,home,45.17,187
9742,toys-9742,toys,46.54,194
9743,food-9743,food,47.91,201
9744,electronics-9744,electronics,49.28,208
9745,clothing-9745,clothing,50.65,215
9746,books-9746,books,52.02,222
9747,home-9747,home,53.39,229
9748,toys-9748,toys,54.76,236
9749,food-9749,food,56.13,243
9750,electronics-9750,electronics,57.50,250
9751,clothing-9751,clothing,58.87,257
9752,books-9752,books,60.24,264
9753,home-9753,home,61.61,271
9754,toys-9754,toys,62.98,278
9755,food-9755,food,64.35,285
9756,electronics-9756,electronics,65.72,292
9757,clothing-9757,clothing,67.09,299
9758,books-9758,books,68.46,306
9759,home-9759,home,69.83,313
9760,toys-9760,toys,71.20,320
9761,food-9761,food,72.57,327
9762,electronics-9762,electronics,73.94,334
9763,clothing-9763,clothing,75.31,341
9764,books-9764,books,76.68,348
9765,home-9765,home,78.05,355
9766,toys-9766,toys,79.42,362
9767,food-9767,food,80.79,369
9768,electronics-9768,electronics,82.16,376
9769,clothing-9769,clothing,83.53,383
9770,books-9770,books,84.90,390
9771,home-9771,home,86.27,397
9772,toys-9772,toys,87.64,404
9773,food-9773,food,89.01,411
9774,electronics-9774,electronics,90.38,418
9775,clothing-9775,clothing,91.75,425
9776,books-9776,books,93.12,432
9777,home-9777,home,94.49,439
9778,toys-9778,toys,95.86,446
9779,food-9779,food,97.23,453
9780,electronics-9780,electronics,98.60,460
9781,clothing-9781,clothing,99.97,467
9782,books-9782,books,1.34,474
9783,home-9783,home,2.71,481
9784,toys-9784,toys,4.08,488
9785,food-9785,food,5.45,495
9786,electronics-9786,electronics,6.82,2
9787,clothing-9787,clothing,8.19,9
9788,books-9788,books,9.56,16
9789,home-9789,home,10.93,23
9790,toys-9790,toys,12.30,30
9791,food-9791,food,13.67,37
9792,electronics-9792,electronics,15.04,44
9793,clothing-9793,clothing,16.41,51
9794,books-9794,books,17.78,58
9795,home-9795,home,19.15,65
9796,toys-9796,toys,20.52,72
9797,food-9797,food,21.89,79
9798,electronics-9798,electronics,23.26,86
9799,clothing-9799,clothing,24.63,93
9800,books-9800,books,26.00,100
9801,home-9801,home,27.37,107
9802,toys-9802,toys,28.74,114
9803,food-9803,food,30.11,121
9804,electronics-9804,electronics,31.48,128
9805,clothing-9805,clothing,32.85,135
9806,books-9806,books,34.22,142
9807,home-9807,home,35.59,149
9808,toys-9808,toys,36.96,156
9809,food-9809,food,38.33,163
9810,electronics-9810,electronics,39.70,170
9811,clothing-9811,clothing,41.07,177
9812,books-9812,books,42.44,184
9813,home-9813,home,43.81,191
9814,toys-9814,toys,45.18,198
9815,food-9815,food,46.55,205
9816,electronics-9816,electronics,47.92,212
9817,clothing-9817,clothing,49.29,219
9818,books-9818,books,50.66,226
9819,home-9819,home,52.03,233
9820,toys-9820,toys,53.40,240
9821,food-9821,food,54.77,247
9822,electronics-9822,electronics,56.14,254
9823,clothing-9823,clothing,57.51,261
9824,books-9824,books,58.88,268
9825,home-9825,home,60.25,275
9826,toys-9826,toys,61.62,282
9827,food-9827,food,62.99,289
9828,electronics-9828,electronics,64.36,296
9829,clothing-9829,clothing,65.73,303
9830,books-9830,books,67.10,310
9831,home-9831,home,68.47,317
9832,toys-9832,toys,69.84,324
9833,food-9833,food,71.21,331
9834,electronics-9834,electronics,72.58,338
9835,clothing-9835,clothing,73.95,345
9836,books-9836,books,75.32,352
9837,home-9837,home,76.69,359
9838,toys-9838,toys,78.06,366
9839,food-9839,food,79.43,373
9840,electronics-9840,electronics,80.80,380
9841,clothing-9841,clothing,82.17,387
9842,books-9842,books,83.54,394
9843,home-9843,home,84.91,401
9844,toys-9844,toys,86.28,408
9845,food-9845,food,87.65,415
9846,electronics-9846,electronics,89.02,422
9847,clothing-9847,clothing,90.39,429
9848,books-9848,books,91.76,436
9849,home-9849,home,93.13,443
9850,toys-9850,toys,94.50,450
9851,food-9851,food,95.87,457
9852,electronics-9852,electronics,97.24,464
9853,clothing-9853,clothing,98.61,471
9854,books-9854,books,99.98,478
9855,home-9855,home,1.35,485
9856,toys-9856,toys,2.72,492
9857,food-9857,food,4.09,499
9858,electronics-9858,electronics,5.46,6
9859,clothing-9859,clothing,6.83,13
9860,books-9860,books,8.20,20
9861,home-9861,home,9.57,27
9862,toys-9862,toys,10.94,34
9863,food-9863,food,12.31,41
9864,electronics-9864,electronics,13.68,48
9865,clothing-9865,clothing,15.05,55
9866,books-9866,books,16.42,62
9867,home-9867,home,17.79,69
9868,toys-9868,toys,19.16,76
9869,food-9869,food,20.53,83
9870,electronics-9870,electronics,21.90,90
9871,clothing-9871,clothing,23.27,97
9872,books-9872,books,24.64,104
9873,home-9873,home,26.01,111
9874,toys-9874,toys,27.38,118
9875,food-9875,food,28.75,125
9876,electronics-9876,electronics,30.12,132
9877,clothing-9877,clothing,31.49,139
9878,books-9878,books,32.86,146
9879,home-9879,home,34.23,153
9880,toys-9880,toys,35.60,160
9881,food-9881,food,36.97,167
9882,electronics-9882,electronics,38.34,174
9883,clothing-9883,clothing,39.71,181
9884,books-9884,books,41.08,188
9885,home-9885,home,42.45,195
9886,toys-9886,toys,43.82,202
9887,food-9887,food,45.19,209
9888,electronics-9888,electronics,46.56,216
9889,clothing-9889,clothing,47.93,223
9890,books-9890,books,49.30,230
9891,home-9891,home,50.67,237
9892,toys-9892,toys,52.04,244
9893,food-9893,food,53.41,251
9894,electronics-9894,electronics,54.78,258
9895,clothing-9895,clothing,56.15,265
9896,books-9896,books,57.52,272
9897,home-9897,home,58.89,279
9898,toys-9898,toys,60.26,286
9899,food-9899,food,61.63,293
9900,electronics-9900,electronics,63.00,300
9901,clothing-9901,clothing,64.37,307
9902,books-9902,books,65.74,314
9903,home-9903,home,67.11,321
9904,toys-9904,toys,68.48,328
9905,food-9905,food,69.85,335
9906,electronics-9906,electronics,71.22,342
9907,clothing-9907,clothing,72.59,349
9908,books-9908,books,73.96,356
9909,home-9909,home,75.33,363
9910,toys-9910,toys,76.70,370
9911,food-9911,food,78.07,377
9912,electronics-9912,electronics,79.44,384
9913,clothing-9913,clothing,80.81,391
9914,books-9914,books,82.18,398
9915,home-9915,home,83.55,405
9916,toys-9916,toys,84.92,412
9917,food-9917,food,86.29,419
9918,electronics-9918,electronics,87.66,426
9919,clothing-9919,clothing,89.03,433
9920,books-9920,books,90.40,440
9921,home-9921,home,91.77,447
9922,toys-9922,toys,93.14,454
9923,food-9923,food,94.51,461
9924,electronics-9924,electronics,95.88,468
9925,clothing-9925,clothing,97.25,475
9926,books-9926,books,98.62,482
9927,home-9927,home,99.99,489
9928,toys-9928,toys,1.36,496
9929,food-9929,food,2.73,3
9930,electronics-9930,electronics,4.10,10
9931,clothing-9931,clothing,5.47,17
9932,books-9932,books,6.84,24
9933,home-9933,home,8.21,31
9934,toys-9934,toys,9.58,38
9935,food-9935,food,10.95,45
9936,electronics-9936,electronics,12.32,52
9937,clothing-9937,clothing,13.69,59
9938,books-9938,books,15.06,66
9939,home-9939,home,16.43,73
9940,toys-9940,toys,17.80,80
9941,food-9941,food,19.17,87
9942,electronics-9942,electronics,20.54,94
9943,clothing-9943,clothing,21.91,101
9944,books-9944,books,23.28,108
9945,home-9945,home,24.65,115
9946,toys-9946,toys,26.02,122
9947,food-9947,food,27.39,129
9948,electronics-9948,electronics,28.76,136
9949,clothing-9949,clothing,30.13,143
9950,books-9950,books,31.50,150
9951,home-9951,home,32.87,157
9952,toys-9952,toys,34.24,164
9953,food-9953,food,35.61,171
9954,electronics-9954,electronics,36.98,178
9955,clothing-9955,clothing,38.35,185
9956,books-9956,books,39.72,192
9957,home-9957,home,41.09,199
9958,toys-9958,toys,42.46,206
9959,food-9959,food,43.83,213
9960,electronics-9960,electronics,45.20,220
9961,clothing-9961,clothing,46.57,227
9962,books-9962,books,47.94,234
9963,home-9963,home,49.31,241
9964,toys-9964,toys,50.68,248
9965,food-9965,food,52.05,255
9966,electronics-9966,electronics,53.42,262
9967,clothing-9967,clothing,54.79,269
9968,books-9968,books,56.16,276
9969,home-9969,home,57.53,283
9970,toys-9970,toys,58.90,290
9971,food-9971,food,60.27,297
9972,electronics-9972,electronics,61.64,304
9973,clothing-9973,clothing,63.01,311
9974,books-9974,books,64.38,318
9975,home-9975,home,65.75,325
9976,toys-9976,toys,67.12,332
9977,food-9977,food,68.49,339
9978,electronics-9978,electronics,69.86,346
9979,clothing-9979,clothing,71.23,353
9980,books-9980,books,72.60,360
9981,home-9981,home,73.97,367
9982,toys-9982,toys,75.34,374
9983,food-9983,food,76.71,381
9984,electronics-9984,electronics,78.08,388
9985,clothing-9985,clothing,79.45,395
9986,books-9986,books,80.82,402
9987,home-9987,home,82.19,409
9988,toys-9988,toys,83.56,416
9989,food-9989,food,84.93,423
9990,electronics-9990,electronics,86.30,430
9991,clothing-9991,clothing,87.67,437
9992,books-9992,books,89.04,444
9993,home-9993,home,90.41,451
9994,toys-9994,toys,91.78,458
9995,food-9995,food,93.15,465
9996,electronics-9996,electronics,94.52,472
9997,clothing-9997,clothing,95.89,479
9998,books-9998,books,97.26,486
9999,home-9999,home,98.63,493
10000,toys-10000,toys,0.00,0